event_date,search_date,symbol,title,description,published_date,url,publisher_title,publisher_href
2025-03-13T00:00:00,2025-03-12,ADBE,"Final Trade: AAPL, NVO, ADBE, FCX - CNBC","Final Trade: AAPL, NVO, ADBE, FCX  CNBC","Wed, 12 Mar 2025 07:00:00 GMT",https://news.google.com/rss/articles/CBMifEFVX3lxTE1hN3E5R1YwTkI4Szc4dTdRYzlWc3ZsQlBMbC1oS1Y0TmQ3aTNFdlNoUDJlOWdaNzRtME4wTXo1Qml4bm5wQUp4V21hZ1lzRmNTM1doV05YallFbnk1TUE0cHBWbjVBWUJBWVJYTl9sNHVvRW5pZGJxVUJObDg?oc=5&hl=en-US&gl=US&ceid=US:en,CNBC,https://www.cnbc.com
2024-10-30T00:00:00,2024-10-29,AMD,AMD shares fall as forecast fails to impress despite strong AI growth - CNBC,AMD shares fall as forecast fails to impress despite strong AI growth  CNBC,"Tue, 29 Oct 2024 07:00:00 GMT",https://news.google.com/rss/articles/CBMickFVX3lxTFB5anBBMGJWN0x0MWFYNGFSWFdha1RON1E1dDNVMEtITXBwd05IdXFHME5DZ1AzbjFVOXhta2JsaTRFRDFpUUFhbThUZm03OU45Z1FtUHljWDUxOGs4dXRPVjVOZnBkY3VBMmJFYXB5dVRsZ9IBd0FVX3lxTE5VTG9jRTIwZGNaYnh0c01SMlhDZnVGcGs1VUVZR25Uc0c0VWtGRVhVSkVsbldiQ2gxUlh2U0hqU3FYUHNiRFZUaU1FbDRsYkExZW5jckV2dkYyWko5WUtrbElhaGxtLVN1STBKOFpHTEpNTWlpWG5n?oc=5&hl=en-US&gl=US&ceid=US:en,CNBC,https://www.cnbc.com
2024-10-30T00:00:00,2024-10-29,AMD,OpenAI will start using AMD chips and could make its own AI hardware in 2026 - The Verge,OpenAI will start using AMD chips and could make its own AI hardware in 2026  The Verge,"Tue, 29 Oct 2024 07:00:00 GMT",https://news.google.com/rss/articles/CBMikAFBVV95cUxNUVgwNTlvOTB4ckMySnZkdXYtMFltVTlONzh2cDlIYjVBbDdWTVh6UkR5QUtFMlBEYzJvOWRzRkRnZEhRNEZ4QVduZFVYdXJVMXdwZmpQRW9ScGhrUXRkMmZUOTBDZkxIZFI2LUFJTzNGZXpaZ3pncGl2Y3F1R0RTOGpMYnhkaUxubjI2SU1lWHk?oc=5&hl=en-US&gl=US&ceid=US:en,The Verge,https://www.theverge.com
2025-04-09T00:00:00,2025-04-08,AMZN,Introducing Amazon Nova Sonic: Human-like voice conversations for generative AI applications - Amazon Web Services,Introducing Amazon Nova Sonic: Human-like voice conversations for generative AI applications  Amazon Web Services,"Tue, 08 Apr 2025 07:00:00 GMT",https://news.google.com/rss/articles/CBMiwwFBVV95cUxOa2tLTG9OaXR3RlNMb19kNmRHUEJpam9xMmRVMmxLR3NuOVJLTmNDR2k4RnNyYXdpOUxZOEJWUHgwejJfNVFfYVpjS01YaEtZRXNqdmdSNGdiZG9mRGRBaXZkLTZ0QldiUmRLc2NZa0RUTHFiUEZWQUxLRDkxem1RNGdib2xBd0FYaHNhWEhVeUU0SXpKZEo5ekg1QmxpU2NBNEJaRGh5ZzZ2WWZDZVpuZG9rZXViWnJXdnlqWjIzSXBhcXM?oc=5&hl=en-US&gl=US&ceid=US:en,Amazon Web Services,https://aws.amazon.com
2024-12-13T00:00:00,2024-12-12,AVGO,"Broadcom shares rise 13% on profit beat, 'massive' opportunity in AI - CNBC","Broadcom shares rise 13% on profit beat, 'massive' opportunity in AI  CNBC","Thu, 12 Dec 2024 08:00:00 GMT",https://news.google.com/rss/articles/CBMigAFBVV95cUxNWms0Si1vVHYzQzV1d1NrY2p6M1Nyb1B5MWZvNHpHUTlFeTA1MG9EYTl2NkRWTlpCMHlSSjA4OHJpM0pNRVdxLVFxNTVWMXdLOWRQZUc0UXJBQVJwZnVNbHZCRlh3Mk5wUXRpRlpWbmExWXltYzJBREdTWDBlWktlTNIBhgFBVV95cUxQa2VEVnZCUHdtX0xUSVNhbDlIME00OXJCQWNFMmxtMEp2cWlMTGNmUFlKYl9JVFltWVJMdGRXZnp2aGM4WERNOFdSRm42blNTRUFXQVZqSkNTN2thZ1FZQXY3cUxCQjNsYjYtRDdTVGs0QWc0aXFwaDRKalhZOWZQTnpXT3hCQQ?oc=5&hl=en-US&gl=US&ceid=US:en,CNBC,https://www.cnbc.com
2025-04-09T00:00:00,2025-04-08,BKNG,Will Booking Holdings (BKNG) Beat Estimates Again in Its Next Earnings Report? - Nasdaq,Will Booking Holdings (BKNG) Beat Estimates Again in Its Next Earnings Report?  Nasdaq,"Tue, 08 Apr 2025 07:00:00 GMT",https://news.google.com/rss/articles/CBMiqgFBVV95cUxQMlpaX0hSSUlKMjJxVVlzYVRUblNJM1lRVVZhbGFGcWxicGN5dDVlVVZqUWVwemtTbU5pUlhySjQzZzFBREU5WVUtT19CbHNxVnJQQjJNNkd1T0hLX2xuRGpOTXBaQ24ta01QNks0OHF6VmNDb3lJejZ5cmh4Y3hyN2VXYXRnMk4tbHZVaHhGVkNlLXhzN3BUQjZJZW5qYzN4WHJIZFU0eVdTZw?oc=5&hl=en-US&gl=US&ceid=US:en,Nasdaq,https://www.nasdaq.com
2025-01-30T00:00:00,2025-01-29,CMCSA,Is Comcast Corporation (CMCSA) the Safe Stock to Buy for the Long Term in 2025? - Yahoo Finance,Is Comcast Corporation (CMCSA) the Safe Stock to Buy for the Long Term in 2025?  Yahoo Finance,"Wed, 29 Jan 2025 08:00:00 GMT",https://news.google.com/rss/articles/CBMiigFBVV95cUxQNUljSFI4SEdqX0tSMzRjUXpxT3ZuejRkZHNfWC1janRBT1FoNHk4SHRsTXFrRkxyVUtQaUpDdUhVblZud0FHZlJpdG8zc2lsMWZyTjNWX0tncTNjd1o5RnJORGxyT1dWaG8ybXU4bTBiUGc2ZmN5Yjg1OXlza240R2R4ZzVjdVBoMGc?oc=5&hl=en-US&gl=US&ceid=US:en,Yahoo Finance,https://finance.yahoo.com
2025-01-30T00:00:00,2025-01-29,CMCSA,3 Media Stocks Poised to Beat Estimates This Earnings Season - Yahoo Finance,3 Media Stocks Poised to Beat Estimates This Earnings Season  Yahoo Finance,"Wed, 29 Jan 2025 08:00:00 GMT",https://news.google.com/rss/articles/CBMifEFVX3lxTE1jdE12LUhsU1FKV2NIcXptaDBDVW01cW1OVG5DcHhKckNab282VWpJUWRPRkNFbVZoamdBZXhyWTE2c25oQzVwQ0xEYlBoSC1pYmRZSkFZMVUzbnFjSDh1dmF5XzNNc1RfQ3pSWjBTbTJxRmxtMWFXdHpXdzc?oc=5&hl=en-US&gl=US&ceid=US:en,Yahoo Finance,https://finance.yahoo.com
2024-01-22T00:00:00,2024-01-21,GILD,I’m a medical doctor who graduated cum laude and I can’t get a government job - Daily Maverick,I’m a medical doctor who graduated cum laude and I can’t get a government job  Daily Maverick,"Sun, 21 Jan 2024 08:00:00 GMT",https://news.google.com/rss/articles/CBMiywFBVV95cUxQM2xXbk9mQkhxMXQtYVoxOVN2QmtOa18xZ2ZaamZVZS0xckRyTTdOZlNNYzBGQXNibkw1UFd5QXNzR1lZVzRIYnZHZEVzVFhBQXgwcVhDU0prSVM4LUVsMlkxaUZHMlEzVjE4Sk1SX1pULU1vRDVzVnlKVE1hV1JTMHBURndoeU02cEo1YVZTSHJlOEhmLTQ1RURwbmc4OGwtOUR0RVlEY2hDM1BKXzNnY29BZ1dBTUVnejVfR05jWkotRDZaYTFLWm92Yw?oc=5&hl=en-US&gl=US&ceid=US:en,Daily Maverick,https://www.dailymaverick.co.za
2025-03-13T00:00:00,2025-03-12,INTC,Intel Appoints Lip-Bu Tan as Chief Executive Officer - intc.com,Intel Appoints Lip-Bu Tan as Chief Executive Officer  intc.com,"Wed, 12 Mar 2025 07:00:00 GMT",https://news.google.com/rss/articles/CBMisgFBVV95cUxOa1VxR1dHaEVQdk1hQm5ENnJuSDdnRTMzbTd2NGJaWC1UZjgybzU4MGlYSkduRmRPN2N2WnZDU1VGVFItb1BfbGlrc2ZnMGh3U01pY0tGOVJHNDA4Zzh3LTVJbGhENmlHbklhVzc4WmIxZWFjS0dLUHI3TExjYkFIZ3RIYkVaZ1RVb2hzQVQ1ZHd0QnkzSTlra2ZmbzM3c2tfNDBZc3J1azZCc0ZndnVRWTF3?oc=5&hl=en-US&gl=US&ceid=US:en,intc.com,https://www.intc.com
2025-02-26T00:00:00,2025-02-25,INTU,"Intuit (NASDAQ:INTU) Exceeds Q4 Expectations, Quarterly Revenue Guidance Slightly Exceeds Expectations - Yahoo Finance","Intuit (NASDAQ:INTU) Exceeds Q4 Expectations, Quarterly Revenue Guidance Slightly Exceeds Expectations  Yahoo Finance","Tue, 25 Feb 2025 08:00:00 GMT",https://news.google.com/rss/articles/CBMigAFBVV95cUxQcWd0M3J5ay1Db1RoQTFaYnUxN2owdklvMERIaFBVLW5QcGNFSWhPb0ZTbG8wVTJrb3pMaUxaZlJKVlZna18xc3g3clpnbUF4SHBlZWFaRUtGa01seUh5QlJERnRGSDU5VlhmVU5OUU9pb0gzejFRcjVSTExlWGp0dw?oc=5&hl=en-US&gl=US&ceid=US:en,Yahoo Finance,https://finance.yahoo.com
2025-02-26T00:00:00,2025-02-25,INTU,INTU Earnings: Intuit Q2 2025 revenue and profit beat estimates - news.alphastreet.com,INTU Earnings: Intuit Q2 2025 revenue and profit beat estimates  news.alphastreet.com,"Tue, 25 Feb 2025 08:00:00 GMT",https://news.google.com/rss/articles/CBMilwFBVV95cUxNdDBveEhtZXZ3RXRGRUR1MUc4eHlPZVpTaE1qTkZUR1dwMlp3SXl5VThFQzlGTC03T3VteFNaelI2TmJOcndhd1pNejd5SG1sek1pNVVkS1BucEo3QlBFeWpUWWpMOHU5S3Zpa081QjBLS04xR2hEX3ZjemNGMG1XSTlycklMMmpiRVRKMjNIbnlRVjFKdno4?oc=5&hl=en-US&gl=US&ceid=US:en,news.alphastreet.com,https://news.alphastreet.com
2025-02-26T00:00:00,2025-02-25,INTU,Intuit (INTU) Q2 2025 Earnings Call Transcript - The Motley Fool,Intuit (INTU) Q2 2025 Earnings Call Transcript  The Motley Fool,"Tue, 25 Feb 2025 08:00:00 GMT",https://news.google.com/rss/articles/CBMipgFBVV95cUxQWlZPRUhidE1aaFltaUxoT1VHZVp3NFd4ZFRQRVFtVmNzMGkyWDFfdUlvVmduX1h5MHdmR3VrUXJRODdtRTRWaFZ0dW9RMjl1RDgwWHF3anl2eW4zQWhhYVhpZURrOUhiT1FkR05Cc0x2ZURESS0wYlVaTzBlbUhDb0JxbkZscXF0Q0VMalYzNHczc05NNVVDbmFKQy1zdnQzZ1ZIWWdn?oc=5&hl=en-US&gl=US&ceid=US:en,The Motley Fool,https://www.fool.com
2025-02-26T00:00:00,2025-02-25,INTU,"After-Hours Earnings Report for February 25, 2025 : INTU, WDAY, ALC, CPNG, AXON, EXR, KEYS, FSLR, CART, CAVA, PCVX, PR - Nasdaq","After-Hours Earnings Report for February 25, 2025 : INTU, WDAY, ALC, CPNG, AXON, EXR, KEYS, FSLR, CART, CAVA, PCVX, PR  Nasdaq","Tue, 25 Feb 2025 08:00:00 GMT",https://news.google.com/rss/articles/CBMiuwFBVV95cUxOMjlNdkI5VUh2RXBZZ1dPa1k1NF9KcjVpSGRVaXg5UUh2RUJQOHBHclJ4ZUFrWkZUQnRwY3V2QkdmSkNCQy1ENTZBRXRNUE82aTBiYUVuLUt5SjduU2lHQXFZdDl2dnlXNWw2d0RuNS1LYmNReEo0UkppQmtqQjBHOXFGNG13dW05WUotTFhHTFZxSU90MjUtZllxT3pWQkNfUU94NVkzLU9WNWxvYWdPbnpZUTNlRHBxUG9F?oc=5&hl=en-US&gl=US&ceid=US:en,Nasdaq,https://www.nasdaq.com
2025-02-26T00:00:00,2025-02-25,INTU,"Stocks making the biggest moves after hours: Super Micro Computer, Intuit, Workday, Lucid and more - CNBC","Stocks making the biggest moves after hours: Super Micro Computer, Intuit, Workday, Lucid and more  CNBC","Tue, 25 Feb 2025 08:00:00 GMT",https://news.google.com/rss/articles/CBMiogFBVV95cUxQOFVjWnJtVTUyN1hnTElaZjZtREhwdi14bXNPZnZDLXRFbG55a0djVjdFRFVLR05wQU9jazNMWGs1MW5JZmFjZE1ZTUJuM21RRzVybkNWZEVvRUpfRENCeF9FSEM5N3ZHMDVVd1RPMDJFbENhZ2hlcmExWGdCU2QyenQ1ODRqR0dSd0hodnh0WEV1dXd4ZDBvVW92OVZYNTRqTEE?oc=5&hl=en-US&gl=US&ceid=US:en,CNBC,https://www.cnbc.com
2025-02-26T00:00:00,2025-02-25,INTU,"Intuit (NASDAQ:INTU) Exceeds Q4 Expectations, Quarterly Revenue Guidance Slightly Exceeds Expectations - FinancialContent","Intuit (NASDAQ:INTU) Exceeds Q4 Expectations, Quarterly Revenue Guidance Slightly Exceeds Expectations  FinancialContent","Tue, 25 Feb 2025 08:00:00 GMT",https://news.google.com/rss/articles/CBMihgJBVV95cUxQRk42djBteHJPc093bVE1bUdpQ0hyekpYZkRLVlAyUmhLYmIwUG1RVWRteER1UTZjLUhBRlZfUWdtMThRSmM0cV9QRWt4NHcycVRoWC1XbGhzSjlORkl5WUNlNHJEQ01PbFZaaW84ZUVVNmtNX3ozdThFakVsR0ZMbVJiZ0JFVnlLcTFZUlJzRS05d2d4dnNndVVMQkIwYnBfX1hhMThSNzI2ZURCWWI0Smh3Q05qTmpNUXNONHFHV19RQm1mcHJESVdkY0ZKVTFsSnZIa3MtdEU1MkZGeUVCUUt5QUd6WmJoQVZCZWNqWEF0QTJoeTVRMk1Kd3c2ZG9hYzRzWmRB?oc=5&hl=en-US&gl=US&ceid=US:en,FinancialContent,https://markets.financialcontent.com
2025-02-26T00:00:00,2025-02-25,INTU,Institutional owners may consider drastic measures as Intuit Inc.'s (NASDAQ:INTU) recent US$5.6b drop adds to long-term losses - Yahoo Finance,Institutional owners may consider drastic measures as Intuit Inc.'s (NASDAQ:INTU) recent US$5.6b drop adds to long-term losses  Yahoo Finance,"Tue, 25 Feb 2025 08:00:00 GMT",https://news.google.com/rss/articles/CBMikAFBVV95cUxNZ1ZQcjdNTTZWaDV5ZWhkcm9JRHJJZUM0ZGNTV0hmckRydHo5LW4yS3lyYUc5ckNFNDlhYmFqbUVMMmhDNHBwTGtTRlJZTEFndDJVdndId3dHQUVpZ29paUhkSUNseU1YRzBkTWtEcUl1S2Z0ek5RR0JZZk5kajh2aTBqcDlydnd1cG93bTZsOUc?oc=5&hl=en-US&gl=US&ceid=US:en,Yahoo Finance,https://finance.yahoo.com
2025-02-26T00:00:00,2025-02-25,INTU,Intuit (INTU) Q2 Earnings and Revenues Beat Estimates - Nasdaq,Intuit (INTU) Q2 Earnings and Revenues Beat Estimates  Nasdaq,"Tue, 25 Feb 2025 08:00:00 GMT",https://news.google.com/rss/articles/CBMiiwFBVV95cUxNY2w3QTJjQmg4OWxORDBZZ19BdnZsdy1IaUp1dndORy16SF9nSFhjQm94c0ZUUFVlZExnb0oxSW5oMEFxLWhLSFFJb3lyZ3hBcG1JdHFDaVhtdldQb2ljOTNnek5YRTRlT2dSQ1NvbUtRQ1p5YjBvTEZDSGdtRGI5S2NfT25QV254emdv?oc=5&hl=en-US&gl=US&ceid=US:en,Nasdaq,https://www.nasdaq.com
2025-04-09T00:00:00,2025-04-08,ISRG,"Intuitive Surgical, Inc. (ISRG) Stock Moves -1.29%: What You Should Know - Yahoo Finance","Intuitive Surgical, Inc. (ISRG) Stock Moves -1.29%: What You Should Know  Yahoo Finance","Tue, 08 Apr 2025 07:00:00 GMT",https://news.google.com/rss/articles/CBMihgFBVV95cUxORXp2MkNVM28yQ3F5d0lyNE9iVXd2U0VOeFVVekxhUFFpN1loTklVRlpLSzF5dWgzS0szYmd2eVc0ZDJnTFM1M0ZKczV2b1ZrME92MHplYlJ2YldWeHJtakFGVXhXNm9FMzR6Vm11NXRoeUtaZUczTE50Sk5QMWFnS2lrSmplUQ?oc=5&hl=en-US&gl=US&ceid=US:en,Yahoo Finance,https://finance.yahoo.com
2025-04-09T00:00:00,2025-04-08,META,"We’re Introducing New Built-In Restrictions for Instagram Teen Accounts, and Expanding to Facebook and Messenger - Meta Store","We’re Introducing New Built-In Restrictions for Instagram Teen Accounts, and Expanding to Facebook and Messenger  Meta Store","Tue, 08 Apr 2025 07:00:00 GMT",https://news.google.com/rss/articles/CBMiwwFBVV95cUxORG81OUs0enpqaFFCR0V6enNKc2dyZ2IxZFd2QmIxRXltODhsemlOak91c2tmZUpyOGN3UEtqWXMxd0p1eV84MmxYNDRPT28xdkxtbEtMbDgweXQ0TFlDSXJDYWZYNTNPS1lwdlJFLVozYWxBX2YyeW1NNmVQVWFKWUk0azFXazJsdmN1WFRTcnExVmtoay1GZl9MQUd0TjBqcW5RQ0VJeF8yMG1reWNCcWY2c0lkUFNiV0ppd0dfWkF2TWPSAcgBQVVfeXFMUEtBckEwaHFGZUZyWXJueVVSaWtZRl9BYTZmR1BWYVJ3VlBLd0VYYzh4Rk8wV0ZrZXZXX3ZCYS1wblVLMnFPQ3h1RGVudzNpelRWcEVaQ18xOVA5NTl6UEItd0pkUHJ3dW5BdE1WanpkNkVqWUMwU3l1UDQzaUJGd0QtejZJNlhjWWVvNGlZNEQyX3NRZ1BLbzBvWEFmZGpfQ3NyN1R2V1F4RjRMcVI0NzhHMnYyeF9SampYZzdYbEY1b0x3Y1BsVVU?oc=5&hl=en-US&gl=US&ceid=US:en,Meta Store,https://about.fb.com
2025-04-09T00:00:00,2025-04-08,MSFT,Microsoft: I Was Wrong (Rating Downgrade) - Seeking Alpha,Microsoft: I Was Wrong (Rating Downgrade)  Seeking Alpha,"Tue, 08 Apr 2025 07:00:00 GMT",https://news.google.com/rss/articles/CBMihgFBVV95cUxNWTZzYWplSVZmcFBpVFhLSzc1b0ZlMUt1UzROa2lrSjE3UHN3THN5bm9MS2VxcWNpS0JNaXdEbTlzd2lsTHhHenJ5Y042R2s3emNudVkzcHpzTEhkdnBzRng0NGlkNVp0dnlwYUVjSFJ3azFZWkNXQmJuakZlTHNCbktQM0FvZw?oc=5&hl=en-US&gl=US&ceid=US:en,Seeking Alpha,https://seekingalpha.com
2025-04-09T00:00:00,2025-04-08,MSFT,How Microsoft Stock (MSFT) Became Ensnared in Trump’s Tariff Headwinds - TipRanks,How Microsoft Stock (MSFT) Became Ensnared in Trump’s Tariff Headwinds  TipRanks,"Tue, 08 Apr 2025 07:00:00 GMT",https://news.google.com/rss/articles/CBMingFBVV95cUxPdktHeTZrU3pSYURxbE1iLUVnVjhQaGRTT3ZiaHE3ZUxWTkprTWlvNUFkYUhhN2s0clF1N2ozb3lHbE1YX25WbXJwaWNocERMLUZFd053RXlnT2c0bHVTMkstdHUtbk5PX1ZUSGF2OTM0dS1ONmw2OC1tdlhJVERXc25ZajFvbHg0b2tFNlUxZG1fY0JYSkhOY0tkclFuUQ?oc=5&hl=en-US&gl=US&ceid=US:en,TipRanks,https://www.tipranks.com
2025-04-09T00:00:00,2025-04-08,MSFT,Jim Cramer Slams “Wrong Story” Around Microsoft Corporation (MSFT) – Says AI Buildout Isn’t Slowing - Insider Monkey,Jim Cramer Slams “Wrong Story” Around Microsoft Corporation (MSFT) – Says AI Buildout Isn’t Slowing  Insider Monkey,"Tue, 08 Apr 2025 07:00:00 GMT",https://news.google.com/rss/articles/CBMi0gFBVV95cUxOdzhhemh3Rk5vOGFFd3BxSktMdmJDWVJ6aDNGV0EtUjZ4M0RMZlVUWW5KdVdYVENvNExVaHY2UGhrRlNkbUl5WjRrXzBMNmdfVmJVLWEtVjB0QW9Zb2pBN2x3LWpOZjJzdnVBRmhZZUl0T2d5YWE1c3dpWFEwMVNCdXZMdmdpZnVhdTJKTHpsSTdnOVY3bjBjZW1DZUpaTzFWTkd2dmJIQ1V6S2VMRGhKNGlvd0NWWUFaN0RpUVR1eHJkN0RrY2ZLZmExZUxfeUpXNlHSAdoBQVVfeXFMTVBUc0Z2b1Q0bkJ1UXJWMFRFSUVsV1VTNktrazlaTG1IVzBfWmZZQ2hVVFhVdlZVNFg3RjZMSmRpVkt4YmYyNTctdFBLaDVSdWZuWVh1RnVXWnF6TTVJSWdRT0VyUU1HRTBMbHhyTVU1OW9nTUNPQ0xnOGxmSGQtdDZhc2xmazF3ajBvank5bE50UllnV0lTa1ExaTJhT2VqajBYU1lSSW1yQWpnMXpZUUdBU1k1N2JsQVFtc3h0YjhRMlJRa3RTcXpEOVNpdzJpbk10dTQzaUdiWHc?oc=5&hl=en-US&gl=US&ceid=US:en,Insider Monkey,https://www.insidermonkey.com
2024-10-18T00:00:00,2024-10-17,NFLX,Netflix third-quarter subscribers barely beat estimates as ad-tier members jump 35% - CNBC,Netflix third-quarter subscribers barely beat estimates as ad-tier members jump 35%  CNBC,"Thu, 17 Oct 2024 07:00:00 GMT",https://news.google.com/rss/articles/CBMidEFVX3lxTE1yb0VxZ2w0QnBuWTVjWi1BRUdZR1RUR3JvZ19zdlI5WnQ0WktMejNqVUpzMktybDBMWk9rd083cU1wd1dOZzdvUUlKbGZFTC1BdVMtYjU1UEJ0bWtDcWlwVmlCcGwta2tTZGlNY0tVMlNaVGdZ0gF6QVVfeXFMUE5UYXViRXZ5M25JNmktZ2VET1ljaU5mYmJ6aU85RjdwdWhYcW5FS1ZnaU42TkxNV29SNngzVERNYWRCSnVZYWJBcUpTdkZXY1RqQmtyaHhnaDdiYk1aMEhWV0lMLWh2NmpCM2JZOXJWM2x0OElhRGJBM3c?oc=5&hl=en-US&gl=US&ceid=US:en,CNBC,https://www.cnbc.com
2024-02-22T00:00:00,2024-02-21,NVDA,Nvidia posts revenue up 265% on booming AI business - CNBC,Nvidia posts revenue up 265% on booming AI business  CNBC,"Wed, 21 Feb 2024 08:00:00 GMT",https://news.google.com/rss/articles/CBMifEFVX3lxTE5iTEFhT3I5cFI1cksxc1NnZzFlc3pEMlUyeGxHcm1fQWRfS0s3Vnhnb2p5a3RCWmcxbjdkR3FlZGgySUhwSFJRa2FQdUQtNnFQUVZfM2oycGZUV0hsUGhYRUl5S21Pa2pTQVA1elROUE8xVERGU3diYzI3VznSAYIBQVVfeXFMT2c2Ql9XR24tdmo4QTNiRUt2QzNpeGFPNjdjR3lBQVB1NlM1NC0yclZKcE5FbkRPQ2MweXc0MzFSQURncTgtN0ZKc1JFUEpPWmdycVhGNS1vX0Zna3FLSUU1UkdyTUhkWXl4WXJCc0JaNHo3MWxfc0xOUldpMnBPTkhFZw?oc=5&hl=en-US&gl=US&ceid=US:en,CNBC,https://www.cnbc.com
2025-01-27T00:00:00,2025-01-26,NVDA,"NVDA, GOOGL, or META: Which “Strong Buy” Magnificent 7 Stock has the Highest Upside Potential? - TipRanks","NVDA, GOOGL, or META: Which “Strong Buy” Magnificent 7 Stock has the Highest Upside Potential?  TipRanks","Sun, 26 Jan 2025 08:00:00 GMT",https://news.google.com/rss/articles/CBMixAFBVV95cUxOSHIxUGNhbTg2eWhVb3gwd3l3bGVyVVZOaUJ0VUliT1hTT1FUQkxubmZ4aWZES3hQNlIwMXd6MWkzQ1JyMFl0MjhxWlpZQkhaLWtsTGpwc3NkYUplUC0zYWRUZjZtUFpqZE9vbFQycmdWMnNqaEhsWDFQVVRkcUp1VU8ySmtnV255T3JiR1VaV3V5TTREVmdOQ2lDcDJtLVdOUU9YRndGeFdlTlRIX3IwNGFRenBkZVhwMUMyTTVHblRHTHJE?oc=5&hl=en-US&gl=US&ceid=US:en,TipRanks,https://www.tipranks.com
2024-11-05T00:00:00,2024-11-04,PLTR,Palantir shares surge 20% on revenue outlook - CNBC,Palantir shares surge 20% on revenue outlook  CNBC,"Mon, 04 Nov 2024 08:00:00 GMT",https://news.google.com/rss/articles/CBMif0FVX3lxTFBLcXJTMXNxSDZqLVF1SFVWOUU4OVA5Q0VfNHVvbWJhUjlhNFFsa04yZDhnNWNxZGdhQ2RfSGRjNktXcGVJWm9LdGZseGJwZ0NxNUlRUGtScG9oakdyWDl4Mm1seVl1TEVJdDRFQXNpS2pVeng4dVp1bTFzU0NRZzDSAYQBQVVfeXFMUDl2c1k5UnFXT21oLW9vVUtfZnQxR2QtTVJXQmotTTVtejRabUFjR3NtUHRZZHJRZTBaZEswYmJNWXl5QkVKYkE4N2VlSndCV1dlZkNfLXhkN3J6YzNodm5nVW5lVFpFOGFNWGQ1dlljSUkxc1BrU1E0Q2ZfOFc1LVkyOWJi?oc=5&hl=en-US&gl=US&ceid=US:en,CNBC,https://www.cnbc.com
2025-02-04T00:00:00,2025-02-03,PLTR,Palantir shares rocket 22% after company posts strong earnings and outlook - CNBC,Palantir shares rocket 22% after company posts strong earnings and outlook  CNBC,"Mon, 03 Feb 2025 08:00:00 GMT",https://news.google.com/rss/articles/CBMidkFVX3lxTE9JQlhza2NSYkwzZjAxRDZLU05LOGtzemFyTUR5X2pfcmhEbGN5QUJTckJ0cFNiYldkU3NyazRxaEY4cF92cmlFWG5tcE9xb1JkOVc2N180QkJoTDY1cGlYallXUnlpa1ZEVEFPSEhQc1ZuNmNqWmfSAXtBVV95cUxOWVNQbmF4S0lrYjhZLVo5aXdQamotM21oT1lpT1QxTURLQVNVSV82OWJLTC12XzNwYVV1ZGhSY1BJR3REeW5KQTJhYTFSdlBMalh4ZVF4UVhGSUE2SFhuRjhaclZobkRtNzNyQ1FfcjBtTFk3cXp2Wjk2aTg?oc=5&hl=en-US&gl=US&ceid=US:en,CNBC,https://www.cnbc.com
2025-04-04T00:00:00,2025-04-03,PLTR,Analyst Explains Why Palantir Technologies (PLTR) Can Reach $100 - Insider Monkey,Analyst Explains Why Palantir Technologies (PLTR) Can Reach $100  Insider Monkey,"Thu, 03 Apr 2025 07:00:00 GMT",https://news.google.com/rss/articles/CBMiqAFBVV95cUxOVE1WRjJIY2MtaXlmUHY2Q0RPQmRpOEtWTjd1a2lzWWpSbmZPZUZrdjdDaE9IQkRfQnRLQ0FQM2lrOFBENjJCclphbUdkdEtsLVB2bURPYkh3MzdVODNNTzJQUlU3U29PeEFWNGZnQTU1Z3JBTUdfNkRSZEpKUkhKLWRnVFFDTWxaNWJnY0dGMG5GczBSSGhoMmdiWGgwRnlMa1BnWWdfcTbSAbABQVVfeXFMTjU2QlFmVnVLZUtkcVg0bVZjeElOZzY4VjNxSnVtQVhuME1PYy04eU1KdDdtRFNpeFc3YjRxRk1fQ05SMTFXbUtZUHFfMHQxd05jS1JXeHhqMEVoQXlieS0ybnEwRXFhZVZqek5TZTFnNllNSWF1ZUkzUnVoSkdrWGNLS1E2c29LQWg2WVZNUzJSU2hYNFUwTkE3SDduWnJOalZyLVNOYVZ6UWIzcGJ5Qno?oc=5&hl=en-US&gl=US&ceid=US:en,Insider Monkey,https://www.insidermonkey.com
2025-05-06T00:00:00,2025-05-05,PLTR,Palantir IR - Palantir,Palantir IR  Palantir,"Mon, 05 May 2025 07:00:00 GMT",https://news.google.com/rss/articles/CBMi5gJBVV95cUxNcTN4blp2dlRoanVVMGNjNk9jTjg4UGp3TnF2cnY1NnpXb0hmdGZwMXk4YmNUNGdmR1dldDRXckZRd3JRU3YwbHZNbWpENU1iUVRjZWw2N3drQlA5QTVfSW9IV3lXY0JuTjQwZWU2QTZJaElvUEp5Mi1nSjd6X2xpa3VqbFJTTl9PTzd0Nmp3TVZYNXBzZndXWG5OcFZ5MzUxQzMtUjNjZ3Jiam9QaDRhUXlSdDl4dUJleWtrME5ScE5rMEUzTmZVY3RnNFMxVFFsbHlVVkNYeklZTENrYVZxZ0c4MXVBMUNkZFB0WUUtQ3hXNzVNc0JsWWJNMW1NVjJ4N1NfcGZJaVRGeXlrN1NETXpnTWRveVI4Mzd4V2xWSDhOcnRpX2c1QTI4ZDFHMFowZlJkSnREX1NiNGpmRk9ZcjB1UDNXY29OZ2pQZC1RMGJsaUZ1N0ZwVGZQaEhLN25la2RVejdB?oc=5&hl=en-US&gl=US&ceid=US:en,Palantir,https://investors.palantir.com
2025-05-06T00:00:00,2025-05-05,PLTR,"Palantir shares fall as company reports in-line earnings, lifts full-year guidance - CNBC","Palantir shares fall as company reports in-line earnings, lifts full-year guidance  CNBC","Mon, 05 May 2025 07:00:00 GMT",https://news.google.com/rss/articles/CBMif0FVX3lxTE5oN2Nqcldkc2dyVlpOZ0g0eXZqZ05pSFVoeEFtaFZ6SWQ1UUI4VmdBbmlPYnlkeTZONUhKeUpyXzVVTHRYWDJ6aXJHYXkyQnhZU1BnZGFwSENOb0dPVk9xTnRUem1Jb21JbUZLYnlDaDBLTTdZZXRwOVpWMUQyUHPSAYQBQVVfeXFMT0tsdFRtZU1KODlqdUJYNnFOMmtiTGlheVpRSk5BWjlPcDF3WjBQcnRLZk9uNWtLNXRROEdGZzlGU3p1U0xOY0xIR1pyeGhoVWIyalI3SWhBSDlqakUwbGxpYzlpZDYwMm1sOW5RWHctX2xrMXdfdGl6UTFxWWhuOFB1ajY5?oc=5&hl=en-US&gl=US&ceid=US:en,CNBC,https://www.cnbc.com
2025-05-06T00:00:00,2025-05-05,PLTR,Palantir Technologies Inc. (PLTR) Meets Q1 Earnings Estimates - Nasdaq,Palantir Technologies Inc. (PLTR) Meets Q1 Earnings Estimates  Nasdaq,"Mon, 05 May 2025 07:00:00 GMT",https://news.google.com/rss/articles/CBMilAFBVV95cUxNSGxzelhpZzBJbVlmdFhieUp0MjdZMi1VazhVbDdST3pJVVV1YjBYU0N2Y00yWWc3V21RcjlmQnhIbEI0eXlqdWsxYmJCMGlEN1JHYlBiZE55ekhZUWJLZF84MTJ0WVZVX2lPWUVXQm41dUdjenJCWGQ2X3RjOHI5X3Z4R0Z2NmNLNjNoNnVNYjNObGRj?oc=5&hl=en-US&gl=US&ceid=US:en,Nasdaq,https://www.nasdaq.com
2025-05-06T00:00:00,2025-05-05,PLTR,Palantir (NASDAQ: PLTR) Earnings Live: Everything You Need to Know - 24/7 Wall St.,Palantir (NASDAQ: PLTR) Earnings Live: Everything You Need to Know  24/7 Wall St.,"Mon, 05 May 2025 07:00:00 GMT",https://news.google.com/rss/articles/CBMiqgFBVV95cUxQU2RCMFFNcWFVNVpKTEpBUDBzOUNHVXFRS0ZGd043aDhRZ2xDQ0FYTUxvaWFUa3QtVFNEb21QRGs5Zl9kbnhIN3BaZGZ6NTJIZjdkLVVqY3F3WW5KZUVqUy1PbFNDN1owX2FtdUd4dGRIRm1HZkNyU0IydVpDbXVaU2xxaXJiUDlOOUdEbW9xUEVrZTI0ZjZCOF9rS29qek9JVnVrbXpZRExVUQ?oc=5&hl=en-US&gl=US&ceid=US:en,24/7 Wall St.,https://247wallst.com
2025-05-06T00:00:00,2025-05-05,PLTR,Palantir Stock (PLTR) Charges Into Q1 Earnings on Bold Defense Bets and Big Data Strategy - TipRanks,Palantir Stock (PLTR) Charges Into Q1 Earnings on Bold Defense Bets and Big Data Strategy  TipRanks,"Mon, 05 May 2025 07:00:00 GMT",https://news.google.com/rss/articles/CBMiuAFBVV95cUxNenYzTVowdm5VS25UbmFnU2tBaDhiZzdRN1MzRXcxZnBPVE5qTEFGX3kyWUprLV92dFdESnJHZmlaSng1a0dlNHE3V2RoWmNIaWtpZmhobkoxZUNneWlQSXZ6MXIwSWU2UUlCNk9fWlhKa1FCUHpwLTV4c3lIaEYwZ0U5VVBiUzBRR3FiN3NEMjlRbVp3cUxEaWFIR3pvNVlDcDJpNG9yMnpSRldSUVp2OGRfY1dGZXlS?oc=5&hl=en-US&gl=US&ceid=US:en,TipRanks,https://www.tipranks.com
2025-05-06T00:00:00,2025-05-05,PLTR,"Palantir (PLTR) Reports In-Line Q1 EPS, Offers Guidance - StreetInsider","Palantir (PLTR) Reports In-Line Q1 EPS, Offers Guidance  StreetInsider","Mon, 05 May 2025 07:00:00 GMT",https://news.google.com/rss/articles/CBMitAFBVV95cUxPR2RIQnkyakFkQ1hrZURwLWF3SGVSZEpiZUlPNFlVS3Rwa0dHQWFXZnpDdGJaY0NuMGtEZk1yVG9yaGdXU1NDUkVDZ1RGcXZmeVJ3dVp1VHFyaEVwZmtldjJtZ21GWnp3LVdRcm4xeVg2eXRiVURHYTdubE9aZmVSQ1lFMjFrTjh5QXp3cmNISFNOQ25KREMyUm9xUXY2WGoteWduSVlvejJyUHdWNm95M0tTcVc?oc=5&hl=en-US&gl=US&ceid=US:en,StreetInsider,https://www.streetinsider.com
2025-05-06T00:00:00,2025-05-05,PLTR,Defense Deals and Q1 Beat Can’t Stop PLTR Stock from 10% Crash - FX Leaders,Defense Deals and Q1 Beat Can’t Stop PLTR Stock from 10% Crash  FX Leaders,"Mon, 05 May 2025 07:00:00 GMT",https://news.google.com/rss/articles/CBMipgFBVV95cUxNU0xuZ0stUUhZTjFPVjNnOUZYSGI1aE0wZXdkUHYyU1RhOENDekhUSXYzV1l0RUJuemt2S2NlZGljM0tVcmp0UHFidUlJUm5uQnBBNWVzdHlDZFFqUWN4cHhGVjV1Um01YVFubExBQmgxZnY0dm9LS2QxamQzWVRiRnVsV1F4OWNMQWE3YnBsNE9NUjFyQmE5S04tT2xIMlI5ZUhXLUt3?oc=5&hl=en-US&gl=US&ceid=US:en,FX Leaders,https://www.fxleaders.com
2025-05-06T00:00:00,2025-05-05,PLTR,"Stocks making the biggest moves after hours: Palantir Technologies, Ford Motor, Mattel, Clorox and more - CNBC","Stocks making the biggest moves after hours: Palantir Technologies, Ford Motor, Mattel, Clorox and more  CNBC","Mon, 05 May 2025 07:00:00 GMT",https://news.google.com/rss/articles/CBMimwFBVV95cUxNcVExTnVaMmVWZWFYY2FWd01VVkVwajNYZ2FiUUZqRU5jMG1XSHJnYlIyTHhKRGhtLW94RVNERG9nNVhIdVBxTlk2VUpmRUxQVXREbldaV2lFVjFsZXdUX3VuMl9GOTZuWklkWFJXN0FuYU9BcXZTd3Q5ZW8wX1prYmRDaktfeGoxNkdHRENQQzZDUE9JV19tU2VpUQ?oc=5&hl=en-US&gl=US&ceid=US:en,CNBC,https://www.cnbc.com
2025-05-06T00:00:00,2025-05-05,PLTR,Live Earnings: Palantir (Nasdaq: PLTR) Guides to Big Beat - 24/7 Wall St.,Live Earnings: Palantir (Nasdaq: PLTR) Guides to Big Beat  24/7 Wall St.,"Mon, 05 May 2025 07:00:00 GMT",https://news.google.com/rss/articles/CBMirgFBVV95cUxNRExHOHozQWpJQWg2MFpUVHRBUzRBQ25kd1ZIQTJ3QnBXNWhMSlRYbmJYN0NiOEhaYUFhRVVjQ0hnWTRFU1lQV3VSWndzNjV4NGVQejhlQzZYTFdqXzBHMGo1eGhnN056aFdZaDFScGRUV2NQRThHaUZFNzh2VkpTZG1FZ1h5VElNYkxOeG9WT3c4UkNsUy1iMnE4Vzg0X0Y1UldsYVdqOXkwRGR3ckE?oc=5&hl=en-US&gl=US&ceid=US:en,24/7 Wall St.,https://247wallst.com
2025-02-04T00:00:00,2025-02-03,PYPL,"PayPal Q4 earnings expected to dip, revenue seen ascending (PYPL:NASDAQ) - Seeking Alpha","PayPal Q4 earnings expected to dip, revenue seen ascending (PYPL:NASDAQ)  Seeking Alpha","Mon, 03 Feb 2025 08:00:00 GMT",https://news.google.com/rss/articles/CBMimwFBVV95cUxNbHc2aVJIaXNZMXNFZktMRVdkc1BiLUE3UTZnOEk0cDlFWTFhb3Y1MEF2VVQ0ZG9CZUYzcXdqajBZWk1LSzcwdzFleVFNaDlSWE1QbmRKWFE4aFV0Ykdid1lfM3BiNU5kNkgtR2tBbmptY2Rxb3FUcmdhWU5aZ09vVzFCdVZYbjRwVFR2cFRKNzBRREd5dDcwT2hGdw?oc=5&hl=en-US&gl=US&ceid=US:en,Seeking Alpha,https://seekingalpha.com
2025-02-04T00:00:00,2025-02-03,PYPL,PYPL Will Report Its Q4 Earnings Today. Here Is What to Expect - TipRanks,PYPL Will Report Its Q4 Earnings Today. Here Is What to Expect  TipRanks,"Mon, 03 Feb 2025 08:00:00 GMT",https://news.google.com/rss/articles/CBMiowFBVV95cUxQQzVGT05GZFo1MW4tMjJsWkNRdlM0ZnVENldzSWhQSkg1clFUdWNkOHN2WXNuSjFEclFwbzNLN25sVXEwb1FzUFlfUjdEZTI4cnJpcDlUR1hMRGdiQ2labEVoa21QRl96NjV6RGM3WXBlX0s1MmYxdGFXV1JpTldGRXA1NEsxRW43ZGlYQV9VZlpuX3pabl9TUFNNOHBESVV5bHlV?oc=5&hl=en-US&gl=US&ceid=US:en,TipRanks,https://www.tipranks.com
2025-04-09T00:00:00,2025-04-08,PYPL,PayPal Stock: This Selloff Is A Gift (NASDAQ:PYPL) - Seeking Alpha,PayPal Stock: This Selloff Is A Gift (NASDAQ:PYPL)  Seeking Alpha,"Tue, 08 Apr 2025 07:00:00 GMT",https://news.google.com/rss/articles/CBMiekFVX3lxTE9fUGZCd3RsQkFUNlVRbTlWRzktS2ZFaGIwTE0yc1Y5MWtrSWRZSHAwNURLT282dlZpVE5uVUFUSTlBNWRQLW95U3ktaTZHcFlVbXNaNmtGLWdLOFdHOFNXZlp5RmhjcG44eV82TXVLdFJlbzU4VkwtX1ZR?oc=5&hl=en-US&gl=US&ceid=US:en,Seeking Alpha,https://seekingalpha.com
2025-04-09T00:00:00,2025-04-08,PYPL,"PayPal Stock: Too Cheap to Ignore, Too Strong to Miss - MarketBeat","PayPal Stock: Too Cheap to Ignore, Too Strong to Miss  MarketBeat","Tue, 08 Apr 2025 07:00:00 GMT",https://news.google.com/rss/articles/CBMikwFBVV95cUxPZ1NXendxRWVQcll5bkdrYzREUVJMQ3R4bjFmeHZNWUlkY3NkVjdfY0l0cGZyVzU5YklfWXNXYXhGV1FwczVmNUVzeXQ2TGNaZVREYTRZR2wxUVA5dHhpU2hkVXlYMlA4UXRfYUF4bmh0MVFmX3hvYkRKUTVOMXA5Mm03eGE0R3lESVFHLUQxb1lFU0U?oc=5&hl=en-US&gl=US&ceid=US:en,MarketBeat,https://www.marketbeat.com
2025-04-09T00:00:00,2025-04-08,PYPL,PayPal Stock: Here's Your Chance To Load Up (NASDAQ:PYPL) - Seeking Alpha,PayPal Stock: Here's Your Chance To Load Up (NASDAQ:PYPL)  Seeking Alpha,"Tue, 08 Apr 2025 07:00:00 GMT",https://news.google.com/rss/articles/CBMiggFBVV95cUxOc1ZybnFyVHFNS1B5bDVac3JWZHdwdkxlV2NqcTBaeGxjN1NmNEZRS2VpZWhJNEltclhqRGFvM2JqdDl4T0tfLUxsd2ZidkdmdHBVUWhDU3NJbmFlNVhIMnREYndvTnh5SFdNeWp5bm0za3BtYXI4eHNtU0JNZ18xTkpR?oc=5&hl=en-US&gl=US&ceid=US:en,Seeking Alpha,https://seekingalpha.com
2025-04-09T00:00:00,2025-04-08,QCOM,QCOM Quantitative Stock Analysis - Nasdaq,QCOM Quantitative Stock Analysis  Nasdaq,"Tue, 08 Apr 2025 07:00:00 GMT",https://news.google.com/rss/articles/CBMidkFVX3lxTE4yNXl6blYwTzVjcUx0elZueEd2bDcwR2Z6TlJlNHVFZTRmZUFpNU9takt2d1hfdXNtTTNmMkxINElrNlVvVE5MdGxzTlh3aFdxSUV6c056bGozMmVxMWZjSmhhVjd2TzVjMkw2UnBFTUo5VlFFbVE?oc=5&hl=en-US&gl=US&ceid=US:en,Nasdaq,https://www.nasdaq.com
2025-04-09T00:00:00,2025-04-08,QCOM,Qualcomm VP of R&D convicted of scamming tech giant out of $150 Million - NBC 7 San Diego,Qualcomm VP of R&D convicted of scamming tech giant out of $150 Million  NBC 7 San Diego,"Tue, 08 Apr 2025 07:00:00 GMT",https://news.google.com/rss/articles/CBMiuAFBVV95cUxQSWdqSUxWd2VEd2thOUY4c2xYaEdYQ3MyRmd3cjh5bzM4UXZMaVNJREd5aU9wSXJTc1k3dXJULVJCNFNCcmhmQVpUamc0OERoQjJNWjF1YnFaR29ndHBjVzBHR2pDMUNFbnZPTHVRSXl3cVAzSHlCNGFrUHo5SGRDcVhTZndUbUR4NVdRMTVuMk5Ua0E3clh5TFRXMk1VZnNTZ3NYS2xlc2JReHpZXzJQcmU2bkQxRVNU0gHAAUFVX3lxTE8tMG5QQ0p1c180TmlPSXFJWVlfejduSkI1MHp2U3JZX2I0M2ZUVm1vSEFwaThTU1ByUjZkcUpxNFdMSUtYNW1GNk5WUi0zVk5DZTVFV1VzYkhJaUVmS0Q2S3pFdEdIclg5UFZzUXUxd3I0N29NVUdzSWVnNWlGdDFYc29NckNEV2pRX0NMNXhDTFRGdktwOU94MGtlMXZ5dVZXYjk4V29SSDBubGJyblQtaG5UZ0QxWk9xRldTWnMtQg?oc=5&hl=en-US&gl=US&ceid=US:en,NBC 7 San Diego,https://www.nbcsandiego.com
2025-04-09T00:00:00,2025-04-08,QCOM,Qualcomm Breaks Down But RSI Signals It’s Severely Oversold - MarketBeat,Qualcomm Breaks Down But RSI Signals It’s Severely Oversold  MarketBeat,"Tue, 08 Apr 2025 07:00:00 GMT",https://news.google.com/rss/articles/CBMinAFBVV95cUxNZ0t4YVR1Ql91Z0FBVGpaMXU0QWRnQ04yUFZKWEtIeDU3NS1LWTN1a1FBR3pLZTVnVlBvUTlReV82ZlM5dk9FSmFOcVVJdzZUcWI2dHpCd1JsM3BrcjFsbkNoQW5DUHJoLXlUdDJQUkhkMlZXVXdVTnVrVTZxRl9zTFRBNFEtMm5BWjMxS2RWbDFRTGVmdktQWTE3Y0o?oc=5&hl=en-US&gl=US&ceid=US:en,MarketBeat,https://www.marketbeat.com
2025-04-09T00:00:00,2025-04-08,QCOM,"Qualcomm CFO Akash Palkhiwala sells shares worth $119,900 - Investing.com","Qualcomm CFO Akash Palkhiwala sells shares worth $119,900  Investing.com","Tue, 08 Apr 2025 07:00:00 GMT",https://news.google.com/rss/articles/CBMivAFBVV95cUxOVS1iWnNKSk5TaHRLTFJDSEdhN0FxNF9iZW5WR0ZicmVYVG5CRllRMFp5ZEdIRUpacmp4NzJ2U0t0U2N2a25ZdjdxUUJyTjNqbWUyWV9TOUpfSVVnVERncHQ3eElQR3FWejZxTVd0NGtUUFV0RVAxakdqOVFYeF9ZN1JYODdXVWdEUzg3N3Npa1Y3bFgzamdaVWN6UkVZOHg3T0ctUG5pdnloM2dvNjB4YWVrYk8wbE05LTZUcw?oc=5&hl=en-US&gl=US&ceid=US:en,Investing.com,https://www.investing.com
2025-04-25T00:00:00,2025-04-24,TMUS,T-Mobile (TMUS) Q1 Earnings: How Key Metrics Compare to Wall Street Estimates - Yahoo Finance,T-Mobile (TMUS) Q1 Earnings: How Key Metrics Compare to Wall Street Estimates  Yahoo Finance,"Thu, 24 Apr 2025 07:00:00 GMT",https://news.google.com/rss/articles/CBMie0FVX3lxTE5WaTJSenF0dE5ZWXRmaGJYakV3cEVMYUpuY1kxWHZJTlF6ajFlMnlqNUJ1ci10Z0tWbUU1Wk15MDRtRjRBMGgyb04xbkZtbUhnUnROaG9BZ29tMlhibWFyVEwtUnNza0J3OW1WMTdmMUpxYkJ5cDQ2TnBkdw?oc=5&hl=en-US&gl=US&ceid=US:en,Yahoo Finance,https://finance.yahoo.com
2025-04-25T00:00:00,2025-04-24,TMUS,"T-Mobile Earnings Top Estimates, But Wireless Subscriber Additions Are Light. Shares Fall. - Investor's Business Daily","T-Mobile Earnings Top Estimates, But Wireless Subscriber Additions Are Light. Shares Fall.  Investor's Business Daily","Thu, 24 Apr 2025 07:00:00 GMT",https://news.google.com/rss/articles/CBMijgFBVV95cUxNWlltRDRSOFVGcEdzS1E4a2daNTJwdGlwTlNmVGZkd3hJRG1PZ25qa2xGa1Jldm50WWRSZFNxLTFwbWxzRUJWeGgtY0FkaTJTdlgyS3dnYUFVeVF2R2ZKaEc0SVlpZXQteUdjN2RGWVMwd0t1ZTlUNzRIR1hBZDMyZ0lKb2E5a0s5RFdmODlB?oc=5&hl=en-US&gl=US&ceid=US:en,Investor's Business Daily,https://www.investors.com
2025-04-25T00:00:00,2025-04-24,TMUS,T-Mobile (TMUS) Beats Q1 Earnings and Revenue Estimates - Nasdaq,T-Mobile (TMUS) Beats Q1 Earnings and Revenue Estimates  Nasdaq,"Thu, 24 Apr 2025 07:00:00 GMT",https://news.google.com/rss/articles/CBMijgFBVV95cUxQT3gwYWlJS0J2dkpkT2JBbjJQT2VuTmRQbHVFSFQtSW85VWhNcUZIMTY0dDVEME1oWTkxVHpHR0w4cEtsSkZIR1Fib0lpZnBjVVlHckdsZXNodDVDdXNiN21BTS1WRkVTUG1YMjFqa0g0bjEwZDgxeWljWnpTTGtvd05HX0NVZTFCeThiQ1FB?oc=5&hl=en-US&gl=US&ceid=US:en,Nasdaq,https://www.nasdaq.com
2025-04-25T00:00:00,2025-04-24,TMUS,"Stocks making the biggest moves after hours: Alphabet, Intel, T-Mobile and more - CNBC","Stocks making the biggest moves after hours: Alphabet, Intel, T-Mobile and more  CNBC","Thu, 24 Apr 2025 07:00:00 GMT",https://news.google.com/rss/articles/CBMinAFBVV95cUxQS2ZFZTA3WEZjSTNNbVVpQ2o3ZW40R0RjSW50V2JsLWdXRHhXYkNnTXl4Y1Fub0xTSDBPQkJMSjZNRmQwbDJTcGZON3U1bUFqS29Bd24yTDhYR3hmbERvU0hrSVVlLUNXbENLMWJHbEpuVWVyOHFHTWhFUlZBT09fMGYwNGx2ckpXSkFDdHFSMTR3Yl9YQTVfYVRzSUs?oc=5&hl=en-US&gl=US&ceid=US:en,CNBC,https://www.cnbc.com
2025-04-25T00:00:00,2025-04-24,TMUS,TMU student says Hong Kong exchange 'changed my life' - Toronto Metropolitan University,TMU student says Hong Kong exchange 'changed my life'  Toronto Metropolitan University,"Thu, 24 Apr 2025 07:00:00 GMT",https://news.google.com/rss/articles/CBMigAFBVV95cUxNRS1lQ2gtaXRodXhjYUdpZjNhLVM3TlVTaXR5VTFXTlJkVkRWRURPRklINGVxcEpjMTgtVUp2d2dFVVBDZWNYZW1ERlk3V3I4YlFnclR5TmtLdnFDdzhRNEhYNWk4NVpvdGlLYUhXeW5LUUl5VnVUNUdKY0ZBYzU2Qg?oc=5&hl=en-US&gl=US&ceid=US:en,Toronto Metropolitan University,https://www.torontomu.ca
2024-04-24T00:00:00,2024-04-23,TSLA,Tesla shares jump 13% after Musk says company aims to start production of affordable new EV by early 2025 - CNBC,Tesla shares jump 13% after Musk says company aims to start production of affordable new EV by early 2025  CNBC,"Tue, 23 Apr 2024 07:00:00 GMT",https://news.google.com/rss/articles/CBMic0FVX3lxTE5oQ1JxT3pPOVhLSjFzYllmT1ZCWmVHRDMyeXNMSGFkUV9MeDNJWUZHUVdUY0FhaWVVRFNweFhYdnFpVEpHZ3Ffd2NTeWVfSHRHb3V4ay16eFROY2JDcXFuWGE2ZDVZVktjSUVIX1JDdF9UaXfSAXhBVV95cUxOSTRWN3hodVE3bVFhQUVKR05MWVVlU1FHU18zeU85Nl8ybUZkSnZJVGM3RVpYV1ExMEY0Qjd5UTl6b3g2LW5YeVpmN2tJa3pPUlRFNEFQRDFjYktkck53UDFJNC1sQ2hTbDdpdDZibXp2YWRpZDNEZE0?oc=5&hl=en-US&gl=US&ceid=US:en,CNBC,https://www.cnbc.com
2024-04-24T00:00:00,2024-04-23,TSLA,Tesla had a miserable quarter. Why is TSLA stock rising? - Fast Company,Tesla had a miserable quarter. Why is TSLA stock rising?  Fast Company,"Tue, 23 Apr 2024 07:00:00 GMT",https://news.google.com/rss/articles/CBMiggFBVV95cUxNbUZBNzIxSTJZYVM3RHc0UlRHMFJuZEstU2lSSzZ5NFVLaUgyUlhlNFo0UDUzRzFqeUZobVU4MG5QRFY5aS1aTVBCMzhzQzhsWGRjanBOaTV6X3dpTFlPVVJZb2NlbEllVXRCbERiZndvWFotWVkteVVEME9CYjgxMkx3?oc=5&hl=en-US&gl=US&ceid=US:en,Fast Company,https://www.fastcompany.com
2024-10-24T00:00:00,2024-10-23,TSLA,"Tesla shares jump on profit beat, Musk's prediction of at least 20% 'vehicle growth' next year - CNBC","Tesla shares jump on profit beat, Musk's prediction of at least 20% 'vehicle growth' next year  CNBC","Wed, 23 Oct 2024 07:00:00 GMT",https://news.google.com/rss/articles/CBMie0FVX3lxTFBTX3BtN1lVc2dTVktuMktLd2EwclRtbnpGZi10OG5KZUdRLUhBSWlyTjR0YXY1WHQyNklKRmk1dkFSOEpkbnJPYnYtZlZwRl9tbV9rYTAtM0FrMk9SRm9LaVVLbXF3WXlDYVd0UVd0UW43OGExSFpIdW5SNNIBgAFBVV95cUxNM2U1a25EMDhXTjVBaUgxTFF2N09SejBpR0F4dzhpRDN0NnNPZmo3N3BwTElOSi1pVEV4d0ExRXJZZkNxZ0MtYTV1OHZobElBeGhjUy1qMFZoRzVQcThhRi1OVklkaDJ6OGx4bTgzZVlDcGZDdTJ1ZXpuSkJHSFBKZw?oc=5&hl=en-US&gl=US&ceid=US:en,CNBC,https://www.cnbc.com
2024-10-24T00:00:00,2024-10-23,TSLA,Tesla (TSLA) releases Q3 2024 results: misses on revenue but jumps on margins - Electrek,Tesla (TSLA) releases Q3 2024 results: misses on revenue but jumps on margins  Electrek,"Wed, 23 Oct 2024 07:00:00 GMT",https://news.google.com/rss/articles/CBMiqgFBVV95cUxOTDRfQ1h3TFZyMU1aSkRLZkd4VV9feFlvYTRUaXRiU3ZZYnV5M1NvY2NGSWhuSHhaTnBwYl9aQ05LcnFvLUV1TnEzd29zN3F2ODBWQzlxWmdINl90LXJxVUFnNndrSUJyOHZGUVFyRVBaUnVUZlFFMU9NUDIzVk4tRURabkVLaS1tWUl4Mll1ZEx5eUlOeWg1X1NCelpSQ3AzOF9LZnNNRUY0UQ?oc=5&hl=en-US&gl=US&ceid=US:en,Electrek,https://electrek.co
2024-10-24T00:00:00,2024-10-23,TSLA,"Tesla (TSLA) predicts a record Q4, stock jumps 8% - Electrek","Tesla (TSLA) predicts a record Q4, stock jumps 8%  Electrek","Wed, 23 Oct 2024 07:00:00 GMT",https://news.google.com/rss/articles/CBMigwFBVV95cUxOZVFoUU03Y1N1TG8yYlVtUU1LaGFLOUIzUUR3RHVtMUZ2T2VWdDJWdXM5a2hfZDFWcHBpdzg4TEJSM1VvQ09NeDcxXzhObk9leTBzM1VWMTFoUjZwR1RJd3NjeXNoVXo2RzRkNExiQzM3NjJGNjhJMnpxVWcxQUNsZlp6QQ?oc=5&hl=en-US&gl=US&ceid=US:en,Electrek,https://electrek.co
2025-04-04T00:00:00,2025-04-03,TSLA,"Ross Gerber, an early Tesla backer, says it's time for Elon Musk to go - Business Insider","Ross Gerber, an early Tesla backer, says it's time for Elon Musk to go  Business Insider","Thu, 03 Apr 2025 07:00:00 GMT",https://news.google.com/rss/articles/CBMingFBVV95cUxNNlFDakdMNnBpTC1vN0lLNDlQUHRRZ3RMVUpoeElfaFNaQjBYRTFOdk1qVFRkdnJtZFpfQWMyeDBCd3RPZzBXQzdRUm1PbGY1Ym5NWEQyZmhhZHNIN0RYWkRKazh4YW1qMG9KaVZRY0NQd2NTR3d0eHZzZE53b0tFc1lFdkJocHNVSTU5N0dtY0s3SWR3VW9iblFlZFJYUQ?oc=5&hl=en-US&gl=US&ceid=US:en,Business Insider,https://www.businessinsider.com
2025-04-04T00:00:00,2025-04-03,TSLA,"Biggest stock movers Thursday: TSLA, AAPL, BAC, NKE, and more (W:NYSE) - Seeking Alpha","Biggest stock movers Thursday: TSLA, AAPL, BAC, NKE, and more (W:NYSE)  Seeking Alpha","Thu, 03 Apr 2025 07:00:00 GMT",https://news.google.com/rss/articles/CBMijgFBVV95cUxPczhjcUsyd0RIcEJ2QnN0NTViQ3N4QllYNl9VZVFfcF9WamZlUVZKdEhqUWk5R1NJVFlRQklXR0hFcktIOHU0bUJIZUcyYmtwTHlDY0dpUm96aFBPS2JhLVV3UEt0OFc5Vm9iY1JKN2hGSm5hVFVIZFBFaWVXX0NXOTlXZXZmWnd4WGRiUGpB?oc=5&hl=en-US&gl=US&ceid=US:en,Seeking Alpha,https://seekingalpha.com
2025-04-04T00:00:00,2025-04-03,TSLA,Here’s what TSLA analysts are saying about Tesla’s big delivery miss - Electrek,Here’s what TSLA analysts are saying about Tesla’s big delivery miss  Electrek,"Thu, 03 Apr 2025 07:00:00 GMT",https://news.google.com/rss/articles/CBMiiwFBVV95cUxNUktXWXFiNi1OYWxhS2pGSTBYZWRXdHgyVEg0M20yemQzakQ4WURRQkh3V2lxMlIwUHBKUG5lbWxRN2dIVUlMZDlKOFJoVHBESldOQUFta1dXUUFrQjlQZWhlSDZpMGMzSHZTTjZmc2N6RDJsU3V5SUtXV1RaU1pINF9EdFBxMi00VjA0?oc=5&hl=en-US&gl=US&ceid=US:en,Electrek,https://electrek.co
2025-04-09T00:00:00,2025-04-08,TSLA,TSLA Quantitative Stock Analysis - Nasdaq,TSLA Quantitative Stock Analysis  Nasdaq,"Tue, 08 Apr 2025 07:00:00 GMT",https://news.google.com/rss/articles/CBMidkFVX3lxTE9NNEhzWUlEV19tVmRJb1BYMEJSclRMdGlWZzJic2lERDJmNUViRmRCNGxSano2a25fSXpWZ1BUX2ZfcWp4QnpmSHZQdnZPTGtUX1haM0VKbmk2eWwtYVJJc1lOdi1Cb04yQ2REcFVESFhBLVhWZWc?oc=5&hl=en-US&gl=US&ceid=US:en,Nasdaq,https://www.nasdaq.com
2025-06-05T00:00:00,2025-06-04,TSLA,Tesla (TSLA) Sees Strong Rebound in Australian Sales Amid Global Slowdown - Insider Monkey,Tesla (TSLA) Sees Strong Rebound in Australian Sales Amid Global Slowdown  Insider Monkey,"Wed, 04 Jun 2025 07:00:00 GMT",https://news.google.com/rss/articles/CBMitgFBVV95cUxOVDRQT1NFdFNOUllfZ0JiNW5QdzNzWDNSbkZKV1FMNFdrV2NON0hNRDRQYlNvWFJwSlZ5SUU2T251S3lKTU9pTkVxQ0FlOWJMazZpNU96UXhqN2ZwZGpLWGNwZHNtdWszNGVjZjM0VUNvTEl1OGZMUTlUX0V1dndvLTh2VFlMUUNBNDdXVHB3Y1FPclkzOXpqT1M4SU9GYmlsT3VDNzI2UFVMOUNTVVVQYTI2aXctZ9IBvgFBVV95cUxPeTNLcXBTTjVxU3Z0YlZmaUQ5VU1heWdWLUhTZDZZUHQwdDYwVEZRZXB5ZTRkU0F6SXBjaGhrdVhkRGRrZGhxdGkxTGlSOVNoX01aOXhBWF94R0RsRmpUWmlJN2xtWDVsZ2xnamx6MGJWajFUQnpqakw0X2V5RURibzVsUi1TR1NUNE9qUlFhRTRlWDl6THp2Y1hxeVpwYmxYZW5iX2k5bm9qWGo5MGpWdU1PX0ZKeF9reXowVFZn?oc=5&hl=en-US&gl=US&ceid=US:en,Insider Monkey,https://www.insidermonkey.com
2025-04-09T00:00:00,2025-04-08,TXN,3 Reasons TXN is Risky and 1 Stock to Buy Instead - The Globe and Mail,3 Reasons TXN is Risky and 1 Stock to Buy Instead  The Globe and Mail,"Tue, 08 Apr 2025 07:00:00 GMT",https://news.google.com/rss/articles/CBMizwFBVV95cUxNMlNPLW1wbDdkQm50WEFPdkJQUHRDYlQ2MmV6R0VFMzFwcjdXUWZJbDVVZkttYlp2czZ3eHhvZTJSVXNQazYxWDVlbk9Wa19SdWx1Q2lPWnB1eUVlc1RwZUFfLXBrZmNmYndNV1ptWVZaUzNmaE1naVpUQ2NmOUtYd015RjZ6OTVJYUZ6c25aWU5CbG9HN1A1R2hBZWZ0RjE1R0tOM0JmQkhZeGtkLVRqaHI2SFBJdjY5SlJldzNwZURHUUlfcmhiYXU2ZzlBNE0?oc=5&hl=en-US&gl=US&ceid=US:en,The Globe and Mail,https://www.theglobeandmail.com
2025-04-09T00:00:00,2025-04-08,TXN,TXN Quantitative Stock Analysis - Nasdaq,TXN Quantitative Stock Analysis  Nasdaq,"Tue, 08 Apr 2025 07:00:00 GMT",https://news.google.com/rss/articles/CBMidEFVX3lxTE52VHExQ3FtRWRreGtCVlU3cnFIWnQzR2tHVWh3YlNmZmJwbE9KcmM0Tk53Q2hKdnB5a3RmWDBJcGV0NmZlbUJSSk96SmxqbFRoWExqN0RYcVFpWFNndE5nMTVYakFhRmVKdndXZExweG12YUln?oc=5&hl=en-US&gl=US&ceid=US:en,Nasdaq,https://www.nasdaq.com
2025-07-23T00:00:00,2025-07-22,TXN,Texas Instruments’s (NASDAQ:TXN) Q2 Sales Top Estimates But Stock Drops - Yahoo Finance,Texas Instruments’s (NASDAQ:TXN) Q2 Sales Top Estimates But Stock Drops  Yahoo Finance,"Tue, 22 Jul 2025 07:00:00 GMT",https://news.google.com/rss/articles/CBMigwFBVV95cUxQV1BNa3hYbG1VdUM4ZnRiUW5hclc2ck1OTjdlbVM2d3BJSFJkOUx3MzBNckNzd1p2cjFLYi1zX2NGY25pN2ZDRVlScVN6Z0xKdXkyOTFpd0JVcEdhdFMwRExSZE4wMlR6OVF6ZkJOdWFPU3JYeGRNUWpacGNjS1BSN2dBYw?oc=5&hl=en-US&gl=US&ceid=US:en,Yahoo Finance,https://finance.yahoo.com
2025-07-23T00:00:00,2025-07-22,TXN,TI reports second quarter 2025 financial results and shareholder returns - PR Newswire,TI reports second quarter 2025 financial results and shareholder returns  PR Newswire,"Tue, 22 Jul 2025 07:00:00 GMT",https://news.google.com/rss/articles/CBMixwFBVV95cUxNX2dMTk01ZEdQWGs5bFFWVjNaOC1KRk9PWlNUaG1kQzN3MU5YdVUwb2xaREozOU1fWmVGT2pBTUdfZm15LUdUdmtabmpKaGFNZFFXTVJuak8tOG1rMUtPRG95WmNOMDJMd0tONGFUN3Q0SllrMmtFenc5T0F1a3NXYndnVmEtMm1Oc01pVmx3OEE1U1RIVmlOWGhrcDdhRFQ3enRRZGpoWnlySkZEc1dUVlkyNklUeXFKYzRBcXhCM29PeVZkdC1R?oc=5&hl=en-US&gl=US&ceid=US:en,PR Newswire,https://www.prnewswire.com
2025-07-23T00:00:00,2025-07-22,TXN,Texas Instruments (TXN) stock crashes 11% on weaker than expected Q3 2025 forecast - Shacknews,Texas Instruments (TXN) stock crashes 11% on weaker than expected Q3 2025 forecast  Shacknews,"Tue, 22 Jul 2025 07:00:00 GMT",https://news.google.com/rss/articles/CBMiggFBVV95cUxNVzZlc0lsNDh5X2xEclRzRUhkNURFdy1jVXd1UGZ6d0JEOW1PaTZ3eDQwM2UwM1hJbEFpbmxvNUJSMjNQS1dDV0had254bmtIQ2FGZzA1UEdwMjRNUHV3em95cHhiZlNuSDkzWXRQSEE3TGNIcnFzZkhtU0IxWVlIYWRn0gGPAUFVX3lxTE1VYU5vblR1TWkwSjhKNXVMSUFjYTZWeTluMkdSeEdRWmVwNFl1bXFQOHdpV19VV1dwa0xUY211QzcwLTFNS2hFWGVRR3NmWVJfQ2U1UFQzLXpra2taX2VwWDQyWmE3YTcwWWRNUk5vRU1jZDNLcG81RWxSWGN0ZVZ2Q2hpWERGalJ5VDhMSVZZ?oc=5&hl=en-US&gl=US&ceid=US:en,Shacknews,https://www.shacknews.com
2025-07-23T00:00:00,2025-07-22,TXN,Texas Instruments (TXN) Q2 Earnings and Revenues Top Estimates - Nasdaq,Texas Instruments (TXN) Q2 Earnings and Revenues Top Estimates  Nasdaq,"Tue, 22 Jul 2025 07:00:00 GMT",https://news.google.com/rss/articles/CBMilwFBVV95cUxOWjZESE1PVUZ1N3kyZlNYREdyeGFaTVBCOFZtVHY0eXZNUkl4Z2tBa2pTQUs3dWtNX1RtQk44a285d0FEQjBSWThlN0UtOW14VU83RjR2OHlUcnBGWDA0S3p4ZlRhZlhpTG1ETlpBM1RHaHdncUZRZ0dZSGZHaFZ3QklOd243ZXc5ekgxTU5NZHBvSE5YOXhJ?oc=5&hl=en-US&gl=US&ceid=US:en,Nasdaq,https://www.nasdaq.com
2025-07-23T00:00:00,2025-07-22,TXN,Texas Instruments Stock Slumps on Soft Profit Forecast - Investopedia,Texas Instruments Stock Slumps on Soft Profit Forecast  Investopedia,"Tue, 22 Jul 2025 07:00:00 GMT",https://news.google.com/rss/articles/CBMif0FVX3lxTE9IbXNXbExPNnZxNjJQTG95bTgwY1VLN29LdTd1a2pnaEctWEV1Vy1JckdTNktyT2FqSXJlRGlJY1FFYWhwNXBWNmxtNl9PLU9fMVk0d3BvajNEd0pRXzR0a1hVMmNPOFM2bnFlbjZ5ZkFtUnItWGNVbzZEZTc2eTA?oc=5&hl=en-US&gl=US&ceid=US:en,Investopedia,https://www.investopedia.com
2025-07-23T00:00:00,2025-07-22,TXN,"Stocks making the biggest moves after hours: Texas Instruments, Enphase Energy, Cal-Maine Foods and more - CNBC","Stocks making the biggest moves after hours: Texas Instruments, Enphase Energy, Cal-Maine Foods and more  CNBC","Tue, 22 Jul 2025 07:00:00 GMT",https://news.google.com/rss/articles/CBMimgFBVV95cUxPZUg4bEJEdGNWVjFRZ1pEOGZGUXRMWU85a0xlUDhTRzQtX29zNWRQTHFnWERIM1diRVhPZXlLLS1fcVNPWmlyeHJmV0lFeVZYNm9YX1VVa2cyUDRpeWhQQm96ZUtlM0t0WGNKT05qQWw1NUZfY0FPR0lKTERkdk1ON1VraVVmTDlkYm5DbGRZMUU3ZVRoREJQMkxR?oc=5&hl=en-US&gl=US&ceid=US:en,CNBC,https://www.cnbc.com
2025-07-23T00:00:00,2025-07-22,TXN,Texas Instruments (TXN) Experiences 7% Decline Following Q2 Resu - GuruFocus,Texas Instruments (TXN) Experiences 7% Decline Following Q2 Resu  GuruFocus,"Tue, 22 Jul 2025 07:00:00 GMT",https://news.google.com/rss/articles/CBMiugFBVV95cUxPeUZOc2s5VmpVWm1uWTNiMFU1TTlraElnbGxwQjh3cUQ4SldBc0dRY29HdVdONjNqN0hwS1djYXl0UzdxN1NtOXBvMmNidEFmNmVaVF9vY0o1SGZLM0F6VGZyTXZjdmNmQVFycEIxZ0phdC1nWjVza1VGOXh6NDNNM2xSajU0c2VWQmVqaFo3YjVKYkQtOEVQZkNRN2lyaERaRURlNnNXYjlwZW9qb21UNHNUQUlqVExiZHc?oc=5&hl=en-US&gl=US&ceid=US:en,GuruFocus,https://www.gurufocus.com
2025-07-23T00:00:00,2025-07-22,TXN,"New Record Close for S&P 500 - TXN, COF Report After the Bell - Yahoo Finance","New Record Close for S&P 500 - TXN, COF Report After the Bell  Yahoo Finance","Tue, 22 Jul 2025 07:00:00 GMT",https://news.google.com/rss/articles/CBMid0FVX3lxTE1PajNjNks5VDVjUUVXdlJhODVZb2NVVjVUMlNvQ3YyNVVET1BqWUx0Ti1MaTRIbUVwc1BPZ011NEJXUzlPbmp6YW5hOG1QSHk1QkZNUk51WS02S0xnQUx2Vkpsa1BEZkMzWi03Sk1kQi1lOTNzZnRn?oc=5&hl=en-US&gl=US&ceid=US:en,Yahoo Finance,https://finance.yahoo.com
2025-07-23T00:00:00,2025-07-22,TXN,Live: Texas Instruments (Nasdaq: TXN) Earnings Preview Coverage - 24/7 Wall St.,Live: Texas Instruments (Nasdaq: TXN) Earnings Preview Coverage  24/7 Wall St.,"Tue, 22 Jul 2025 07:00:00 GMT",https://news.google.com/rss/articles/CBMipgFBVV95cUxNUnFxTVB6YXJtalFScHBxX1VsRVhLeXlqX0dmUkNvaWppZnR4SVF0bGVpZ1dlMDI0TE5KR25LNUUtbWM4aUNYNkpvalZXNTJFVUtQWHZvV0h2QnlGUmtWek9pOHdjOUxISnQtU05mc0VIZXRsSDJPeVdVd3EySTd5aVVKWWJQOFQtZlZDNUFZX0JNWVpVU1FacGFoU2x2MHRTZXBHSmZR?oc=5&hl=en-US&gl=US&ceid=US:en,24/7 Wall St.,https://247wallst.com
2025-07-23T00:00:00,2025-07-22,TXN,"Noteworthy Tuesday Option Activity: TXN, SMCI, USPH - Nasdaq","Noteworthy Tuesday Option Activity: TXN, SMCI, USPH  Nasdaq","Tue, 22 Jul 2025 07:00:00 GMT",https://news.google.com/rss/articles/CBMihwFBVV95cUxNMVF3MF9zOHoxZjM2RUJ1aWw2dk9GWi1peXcySzFCOGp4bktVU3E2MzZYMlp6ZWx3LW5pWWtiY00zaVROb1dTMlpISXZVOW9TaHlCNHJ5NHJXemllaURjNzAtMWhNcTVsYjJfZkhlN3JKeW9TbGw5NkRXRjZhSFRaNFBpTW5YM0k?oc=5&hl=en-US&gl=US&ceid=US:en,Nasdaq,https://www.nasdaq.com
2025-07-23T00:00:00,2025-07-22,TXN,Texas Instruments (TXN) Q2 Earnings: Taking a Look at Key Metrics Versus Estimates - Yahoo Finance,Texas Instruments (TXN) Q2 Earnings: Taking a Look at Key Metrics Versus Estimates  Yahoo Finance,"Tue, 22 Jul 2025 07:00:00 GMT",https://news.google.com/rss/articles/CBMihgFBVV95cUxQU1hyRVp3OXhoRGhnZlBRLUwzY0plR1FmYkNRNlE3OEhCSDJqUjF2MTNuSl9XQzNwM2wyVmhqTFR3VTM0NmNnUmpPSnpBSDA2YnB5WThxb3g4UXhOQUZrZDNtclRLQ1VuOWo3TUhIeXRhcUJSUGd5Rkg5SlFBMzVBc3BmLTZzZw?oc=5&hl=en-US&gl=US&ceid=US:en,Yahoo Finance,https://finance.yahoo.com
2025-07-23T00:00:00,2025-07-22,TXN,"Notable ETF Inflow Detected - QQQI, AMD, TXN, AMGN - Nasdaq","Notable ETF Inflow Detected - QQQI, AMD, TXN, AMGN  Nasdaq","Tue, 22 Jul 2025 07:00:00 GMT",https://news.google.com/rss/articles/CBMigwFBVV95cUxNS1lEOUpPRzJuN0FyNk8wTWpoZHF1bXZ3MVREd195ekdEdUdaLXNRYUtMSzhRZzlMdEFnQ0NTX0cxcC1fZlV6VjZzS1I3V2lfbVJJY0dUTkxqenY2V1lTUnVvYW43a3lQNEY2cDVyZDhWdmhtUHo2bDVwLWJXNFdBcE04SQ?oc=5&hl=en-US&gl=US&ceid=US:en,Nasdaq,https://www.nasdaq.com
2025-04-03T00:00:00,2025-04-02,BA,British Airways returns to Kuala Lumpur reconnecting Malaysia and the UK - British Airways Media Centre,British Airways returns to Kuala Lumpur reconnecting Malaysia and the UK  British Airways Media Centre,"Wed, 02 Apr 2025 07:00:00 GMT",https://news.google.com/rss/articles/CBMixgFBVV95cUxNZ3VGS3ZFZjJ6cE9JekhlV1NpNV9HVGRlRUNNc0tVaU93Z1NJRVk1QWZnTENoR3dkNWR4ZnZCME52SzJYOTNkcnZzSVNsYnJfZ1hUVGhBdTRNbVplOUMxNno4bTFHNFdBeGYySTBQNVVsSHc1eU51bVpKVUl5aE8tVDIxQXl6Y0ZYX2l0SHRMZ1RVWkFDWVNsem1vY0hzU2VzRE8tX2h1WWROSmRHTzBzOGs5QTBuX2dJSkF6djBrZUtwWFhlS3c?oc=5&hl=en-US&gl=US&ceid=US:en,British Airways Media Centre,https://mediacentre.britishairways.com
2025-04-09T00:00:00,2025-04-08,COF,Interface preassembly oriented growth strategy towards flexible crystalline covalent organic framework films for OLEDs - Nature,Interface preassembly oriented growth strategy towards flexible crystalline covalent organic framework films for OLEDs  Nature,"Tue, 08 Apr 2025 07:00:00 GMT",https://news.google.com/rss/articles/CBMiX0FVX3lxTE81NWZnSEZ2ODVxNkVfN0swdE9ZLWp5S0FpT3dReUd0eVVNeFN4NFlJYlJETHFxcVExVkUzd1Z4ai1qcEJtbUZiclU3YUk4dW9KcE94Xy1mRHpIYko2NVNr?oc=5&hl=en-US&gl=US&ceid=US:en,Nature,https://www.nature.com
2025-04-09T00:00:00,2025-04-08,COP,Cop-biting charges dismissed against NYC Council member - Politico,Cop-biting charges dismissed against NYC Council member  Politico,"Tue, 08 Apr 2025 07:00:00 GMT",https://news.google.com/rss/articles/CBMimgFBVV95cUxPV1FkM0pOaEc0WUNWdGx2OG9qampGVGpmQVVpUHdtODJNMXFFRmI2a0hVb0FUWld1UjJaZTdIZWR3VnJlM1hFTndZOWh1T0J1VkpyU1JlNmxBbGhJb3h1cmptUzdTRDVLWlZCOGVEVjJfQjdXd2tkM3FLUUdpXzg4c3o0WnZnQl9EVGhZb2UzVEVNLXFSXzNJUXpn?oc=5&hl=en-US&gl=US&ceid=US:en,Politico,https://www.politico.com
2024-12-04T00:00:00,2024-12-03,CRM,HubSpot Smart CRM Review - PCMag,HubSpot Smart CRM Review  PCMag,"Tue, 03 Dec 2024 08:00:00 GMT",https://news.google.com/rss/articles/CBMiU0FVX3lxTFBXNGlHeUhVNk8zZTVhSlpEMWRsQ2dsUjVtQVBfXzJyOXhZUW9IUGd6NnU5dmtMQkhoWjJkdE15TWFyQTE5OUxMTnlDSHhXV05uQzl3?oc=5&hl=en-US&gl=US&ceid=US:en,PCMag,https://www.pcmag.com
2024-12-04T00:00:00,2024-12-03,CRM,"Salesforce shares rise after earnings beat on revenue, fourth-quarter guidance - CNBC","Salesforce shares rise after earnings beat on revenue, fourth-quarter guidance  CNBC","Tue, 03 Dec 2024 08:00:00 GMT",https://news.google.com/rss/articles/CBMigAFBVV95cUxOMFZOQV9JZkpUSHVYR2F6QmZKUVc4WEFuekh2WXBMZTAwaHFRcURMNmpEUXRwRl9WU3E0N01JOEl1SVpWQkRBN2V1c2FLOVR2MXoyVjQxN2lub0dteTNWTHcyZU1JM1dzbllCRUZtcEVjWU41Q1gteG95NjlPVmhjS9IBhgFBVV95cUxQQjZ2WDRrUFBSazFWQWkwNkJNMnNURlNzRnpqN2NHVFJsQmI4Y192YVNldEpIZVlsRUR1Z053TlR2cUczUWZwTXZKbElxTDJaLTlFYnpPcG00ZEhHd1FobVN0eV9rTmZUSzU5dVEtaWlaZmJTQlZ2TmxYT0FITG81Rzg2cnMxdw?oc=5&hl=en-US&gl=US&ceid=US:en,CNBC,https://www.cnbc.com
2024-12-04T00:00:00,2024-12-03,CRM,The 5 Best CRM for Outlook Integration - TechRepublic,The 5 Best CRM for Outlook Integration  TechRepublic,"Tue, 03 Dec 2024 08:00:00 GMT",https://news.google.com/rss/articles/CBMiakFVX3lxTE1fQlRUdDRkSE1UNmtteUZ6QmpiZDhqdDNkMUhRdS1nZDhaMjRpWnNEQUpKTHhMMWI3dnpvOTVoNVpoWk1hX21uRy1TRWFLNWRmdUJRY3Q5dHNQX0FOREZLVmFod2FON211OUE?oc=5&hl=en-US&gl=US&ceid=US:en,TechRepublic,https://www.techrepublic.com
2024-11-06T00:00:00,2024-11-05,CVS,"Walgreens, CVS and Walmart Scale Back on Health Care amid Financial Strain - American Hospital Association","Walgreens, CVS and Walmart Scale Back on Health Care amid Financial Strain  American Hospital Association","Tue, 05 Nov 2024 08:00:00 GMT",https://news.google.com/rss/articles/CBMi2gFBVV95cUxNZzRSM2dDQlkxQklYcUdSS2s4ZGRjdmdMRHB0S0lORTl0OXA1RnNzenpTcHRoWGZrd0JsX1JheENWSkhGdlJzeXViekxxalhMRnJRR1QzdmFRTE9GdUJncHZMV2tWdGFhMjJBLVJKVERySHoyZFZsWTJSRkMxSldnblNnbHNTcThLSGZlbVkwS0xISUhUcllUM0Z0ZjR0aWZRSFhKOGd5N1pxeXd5RUZ2Qzd0R2JBTUJkb2U4ME9aS2RVelFzRXJ1NVFVNGpNRVhlU3NpbXlxbnQ2Zw?oc=5&hl=en-US&gl=US&ceid=US:en,American Hospital Association,https://www.aha.org
2025-02-12T00:00:00,2025-02-11,CVS,Meet Our Supporters - American Lung Association,Meet Our Supporters  American Lung Association,"Tue, 11 Feb 2025 08:00:00 GMT",https://news.google.com/rss/articles/CBMiowFBVV95cUxNMy1YM2xOaXJqR2NWOENidW0wb2ViTjRwTDNJWGwxVjdrZmpqUlJvVktNQkh4N2hzdmNLWUV1Qm11aUlwa3JNTXBOcmg2MTN1anN5TVUwU0NSdFlQNU45MkJiX3JfQU5BV0FVV25uT0IyYXVid1Qxa002U21jbWRoY2t3dkp6WFR2eTM5MVEzT2piT0pRbDBneFZJVzBzdFkta2FB?oc=5&hl=en-US&gl=US&ceid=US:en,American Lung Association,https://www.lung.org
2025-02-12T00:00:00,2025-02-11,CVS,CVS Health (CVS) Q4 Earnings Report Preview: What To Look For - Yahoo Finance,CVS Health (CVS) Q4 Earnings Report Preview: What To Look For  Yahoo Finance,"Tue, 11 Feb 2025 08:00:00 GMT",https://news.google.com/rss/articles/CBMifEFVX3lxTFA4b3lzbzRiTDJiOGRReHhWOHJhTmV3OXo5SDA4a0RqT0FMQVFHQUtvNWVOc3BOLVRMRjdjTFJ6cUNFakRpSFZRRUtWTkd6TG5MVzNJTUcyUENkU0NiX1JaVmFXYVlLaWNrRTNJSEdTWVk5d190OExqcFFUTnA?oc=5&hl=en-US&gl=US&ceid=US:en,Yahoo Finance,https://finance.yahoo.com
2025-04-09T00:00:00,2025-04-08,DIS,Here's Why Walt Disney (DIS) is a Strong Growth Stock - Yahoo Finance,Here's Why Walt Disney (DIS) is a Strong Growth Stock  Yahoo Finance,"Tue, 08 Apr 2025 07:00:00 GMT",https://news.google.com/rss/articles/CBMie0FVX3lxTFBsZDBRX1lISWNHNzNFSndBalh5bjRXSG9STFNfX1VORDVYcV8weWg5ZUZDekpQX0kxWWdaN0h2UFVSc2JYXzFrMDZDWjh4MmlRNlozUDZXZDFWNDFtdGUtSXdHSlVyRlpVTmVINkRzTHE3RDczcGgxR2hZUQ?oc=5&hl=en-US&gl=US&ceid=US:en,Yahoo Finance,https://finance.yahoo.com
2025-04-09T00:00:00,2025-04-08,GE,Royal Jordanian embraces digital transformation with GE Aerospace flight operations software suite - GE Aerospace,Royal Jordanian embraces digital transformation with GE Aerospace flight operations software suite  GE Aerospace,"Tue, 08 Apr 2025 07:00:00 GMT",https://news.google.com/rss/articles/CBMixAFBVV95cUxOcmMxeHNPT0J2eGU0Y2ZKSWRJNWlySXRMbzctcEpKQW9US01UVjdnd2ZHTHRxQ3RoYUJFM0g4YzQ5YmFRQ1pJd3dVTmNMX1pQUWNOR0lPVEJpN0xUWHlfTUJoUHZBRWtGXy0tUW1tMkFmWGt3Mm9NWTRTYkZ1ZWFRQ1IwZVFLVXpMeWhtcUluaURSV0x3b1o5a2RldDRKMnJISVlHeEo2N2R4Zk5HcWJYOFFMYU9FamVKR0VnX2FhVVBKYldq?oc=5&hl=en-US&gl=US&ceid=US:en,GE Aerospace,https://www.geaerospace.com
2024-11-06T00:00:00,2024-11-05,GS,BMW Motorrad presents the BMW Concept F 450 GS. - BMW Group,BMW Motorrad presents the BMW Concept F 450 GS.  BMW Group,"Tue, 05 Nov 2024 08:00:00 GMT",https://news.google.com/rss/articles/CBMivwFBVV95cUxQRHhKSU51aHU5ZzV1cFo1TkRHdk4weGlQZGdMNkE4dU1vd1p5bU05eDN6VDNEeTJkZkdFX0pJdmNNMExCbmVLTHhnRkJyblIyOWRZOTk3TG84QkctSC0xNzBsdlY2al9TV3ZtNkZIc2pVVExRbHRMLXF3a1ctb29nLV9UQzBkbzBXQ3g1cnlRQ2tNcWdMdlY2LVB4OFVIR0JuSmdPVnZKU0cyeElFMnI2T3FISkNnOUZzTDRpSVBxVQ?oc=5&hl=en-US&gl=US&ceid=US:en,BMW Group,https://www.press.bmwgroup.com
2024-11-06T00:00:00,2024-11-05,GS,"Early Process Development of an LPAR1 Antagonist, GS-2278 - ACS Publications","Early Process Development of an LPAR1 Antagonist, GS-2278  ACS Publications","Tue, 05 Nov 2024 08:00:00 GMT",https://news.google.com/rss/articles/CBMiXkFVX3lxTE03WFBkdy1pODF0ZVNJdTA4UW1pVjhPbW1kdDdTcFJJckVaYk1HRGRBaHNxU0FVNTlrLVE5Sm5LUUNQaDlMNl9mTEpoeEZLeFo1NGFldklLaWcyZHVyaUE?oc=5&hl=en-US&gl=US&ceid=US:en,ACS Publications,https://pubs.acs.org
2024-11-06T00:00:00,2024-11-05,GS,"Early Process Development of an LPAR1 Antagonist, GS-2278 - ACS Publications","Early Process Development of an LPAR1 Antagonist, GS-2278  ACS Publications","Tue, 05 Nov 2024 08:00:00 GMT",https://news.google.com/rss/articles/CBMiY0FVX3lxTE9MMjdqQ1pOMzViNkpnMk1qWGwyR1ZuTExMcGlqZ3pxQmVwc29YYWtETlMxU3FHNVhHVDRNU1ZSTDlsTEN5UllZN2NqeTJBcW5rZDIzbDFHd1RrbVNIQnBnQVhEQQ?oc=5&hl=en-US&gl=US&ceid=US:en,ACS Publications,https://pubs.acs.org
2025-04-09T00:00:00,2025-04-08,GS,A humanized Gs-coupled DREADD for circuit and behavior modulation - Frontiers,A humanized Gs-coupled DREADD for circuit and behavior modulation  Frontiers,"Tue, 08 Apr 2025 07:00:00 GMT",https://news.google.com/rss/articles/CBMioAFBVV95cUxNb3FoaTRnMnV6VWNidTFzRFg0UDNMVm12RTdTYmdXbVkwVGtGMHc2T1Z0ZHVZMkNSWnpDSGRfWHRlWERXTmszdW9RNGNHNTlyUXNTRGJkTm9rUGpGN2t5aHZzakFPOG9xb0o5YTJsWDlRUE9HQUZhM1oxVVVzMzdfT0IyNE4xNFdqWmJ4dXFfSHFyZjl2S3h6RF9aTW5sUGNm?oc=5&hl=en-US&gl=US&ceid=US:en,Frontiers,https://www.frontiersin.org
2024-11-06T00:00:00,2024-11-05,JPM,JPMorgan to Offer Instant Dollar-Euro Settlement Via Blockchain - Bloomberg.com,JPMorgan to Offer Instant Dollar-Euro Settlement Via Blockchain  Bloomberg.com,"Tue, 05 Nov 2024 08:00:00 GMT",https://news.google.com/rss/articles/CBMitgFBVV95cUxPSmZtaG5DazNPVFhRek01NV9Zc21yNmpNSzYtbGFrNVVub0dSQ1UtUER3M19QLUo0REFyb0NxYnpkSWR1YlEwNHYxZk1KQTU1RmNTRDBOZ3ZWR252LVZvWDc4dVVRN0VCeE1zQk5hd3k3OEh3cnFoYkxuQXcwNDRYenVFT2VBYjducDdycDcyZjh0X2xSQ244LVdfeHpwSWxLQ3JvaWtveU5fVURWNEdQMDI3WENjQQ?oc=5&hl=en-US&gl=US&ceid=US:en,Bloomberg.com,https://www.bloomberg.com
2025-08-07T00:00:00,2025-08-06,LLY,Eli Lilly Stock (LLY) Is Dragged Down by Rival Novo Nordisk’s Poor Financial Results - TipRanks,Eli Lilly Stock (LLY) Is Dragged Down by Rival Novo Nordisk’s Poor Financial Results  TipRanks,"Wed, 06 Aug 2025 07:00:00 GMT",https://news.google.com/rss/articles/CBMisAFBVV95cUxNVFV1QWJpMmc0bzVjNGlqczlLVHRhencyZ3pKS1VRb29oSTl3bGg4SkktYzdMQ1UtLUl2Y05KVTNzSU9ZQ0FxTk5UOW02dWJZcmZ0RlNYekQ1c3lWQmdRRjVlaUpiR2pmM0l3N0JsUFA5LVZvbzZ1OUtiY2hVNWVEaVNtbS1jTlZRUmpxbHp2OHZFdi1aZzdzUWxSN0haeF96V0c0X0RkOGU3Ymc3UkVhUA?oc=5&hl=en-US&gl=US&ceid=US:en,TipRanks,https://www.tipranks.com
2025-08-07T00:00:00,2025-08-06,LLY,Eli Lilly (LLY) Prepares to Announce Robust Q2 Earnings - GuruFocus,Eli Lilly (LLY) Prepares to Announce Robust Q2 Earnings  GuruFocus,"Wed, 06 Aug 2025 07:00:00 GMT",https://news.google.com/rss/articles/CBMipwFBVV95cUxPVkxtWW1NQkVmMGpFM3M0bXcwNmFLYzBNUndxT0h5M3RhMW82dEl3MktDMEdhekFZX1FETlItZUp4TVA0T1lQNV9uUDVTVk90ZjB2ckxUVTFPVHV5MWdWOWlEcGpqZk5xNTRsWXBIZEpDQUw4bmlHU0FsNWl1T2tURF9tRk9iRTc0V1FpWEl4UmlhdUJiWmFoUThDM2pUNUJiNmM1Y3ZfZw?oc=5&hl=en-US&gl=US&ceid=US:en,GuruFocus,https://www.gurufocus.com
2025-08-07T00:00:00,2025-08-06,LLY,Can Eli Lilly keep its GLP-1 crown? Q2 earnings will tell (LLY:NYSE) - Seeking Alpha,Can Eli Lilly keep its GLP-1 crown? Q2 earnings will tell (LLY:NYSE)  Seeking Alpha,"Wed, 06 Aug 2025 07:00:00 GMT",https://news.google.com/rss/articles/CBMifEFVX3lxTE5LUmsxSVZpZVo1XzVxR2tXQW9mWmRsYkY2TWllY1k3WHdxZW4yTlprVkdBT3cxRnNhamtvNTVRc2Z4WWxKWTF1UVhmaHd1bmZkWkN2bGJEaUtqYzZJQXVKTjNDZjlzb0NpaVNLYU5QUjJZV1JoaDJicU9KWWo?oc=5&hl=en-US&gl=US&ceid=US:en,Seeking Alpha,https://seekingalpha.com
2025-08-07T00:00:00,2025-08-06,LLY,Eli Lilly and Co (LLY) Traded Lower in Q2 Despite Good Results - Insider Monkey,Eli Lilly and Co (LLY) Traded Lower in Q2 Despite Good Results  Insider Monkey,"Wed, 06 Aug 2025 07:00:00 GMT",https://news.google.com/rss/articles/CBMipwFBVV95cUxNaWxpeTBGa29sN2xfWG1VcjBkcHU3ZncyOFA0a2xxMzg3V29PQlNrUlV6NzBqZG4zbEtKaVhuYXRzNnR0c3A0dXdPejFOSDl1dlZzdUI4MXM2YW5fOW9TU3BYMEd6a1piOURfc1lpaDZUMnQ4bW56VVNFdVhPYUhfdWYtOHRITnVqMF9ydDk5S1VBNlNkOW5rSV9oY0d0S3FSSVh6d2lkUdIBrwFBVV95cUxOd29RZUd2T21mY185RHNvNjd5SkRGbFJqSDlsNllrclJZVHdyc3pSX2c2Vl93ZFVVaUFhYTJXTDJmVEgwYmFDYkVGUWt5T2ZEbFBBc3ZKYW5SbXJXR3N4eHZaWS1ackstcE9vRWU3cEZSenZoMXFiYmcyOVhEbGwwejZJQXJsTDFQTjZDZHBkdjFhWGVHWWVYazQyX2hzU0ZXY1FLRnd0dmFoeVc4NUpV?oc=5&hl=en-US&gl=US&ceid=US:en,Insider Monkey,https://www.insidermonkey.com
2025-04-09T00:00:00,2025-04-08,MS,Tolebrutinib versus Teriflunomide in Relapsing Multiple Sclerosis - NEJM,Tolebrutinib versus Teriflunomide in Relapsing Multiple Sclerosis  NEJM,"Tue, 08 Apr 2025 07:00:00 GMT",https://news.google.com/rss/articles/CBMiYEFVX3lxTE5KejJnVnY2Mkc0dWJZa1pUcVBXeTNfSEc2ZnRobzdsMmRUNzlvNVBnVzBpaUp5WTR0cFRDV1k3VTZxajRTYWpmN19mOFRjeGpLdmdZTDZaWk84ZmZYT0tibw?oc=5&hl=en-US&gl=US&ceid=US:en,NEJM,https://www.nejm.org
2025-04-03T00:00:00,2025-04-02,NKE,"Final Trade: DLTR, SPY, NKE, PHYS - CNBC","Final Trade: DLTR, SPY, NKE, PHYS  CNBC","Wed, 02 Apr 2025 07:00:00 GMT",https://news.google.com/rss/articles/CBMifEFVX3lxTE9QNTV3ZGxScDRxOWdEUzFFZXlReWNJNU9SZFdNaTFhYXY1SkZPTjlKMExoVW9PQUJXZ0pyRFUxVmFHV1FoNFRTeDg5OThFRkgxT0gwUDJ3U3FVU3NRbXVycEtjZHNYT3hSSDNCX3M3aDFuQWZMTkwzcHdhMEs?oc=5&hl=en-US&gl=US&ceid=US:en,CNBC,https://www.cnbc.com
2025-04-03T00:00:00,2025-04-02,NKE,Nnukwu nzọ Tether: $ 70M bara uru nke Bitcoin gbagoro na Q1 2025 - FinanceFeeds,Nnukwu nzọ Tether: $ 70M bara uru nke Bitcoin gbagoro na Q1 2025  FinanceFeeds,"Wed, 02 Apr 2025 07:00:00 GMT",https://news.google.com/rss/articles/CBMiggFBVV95cUxOTjRnenhiZnZLWjQ4OVQ5MjFXajdRWHJqcFhubjNrVEMxeXloemVWRGZSSDdqNWJrOGUzRktzZ3BxTEVGd2hWOFRUN0ZNMFVHV0JGT2hRcENtRkl5Wm9VcktNZ0RPd3RTZzhDb2ozSjJlTDd1NjlodWRhZ1pPUmVnYUl3?oc=5&hl=en-US&gl=US&ceid=US:en,FinanceFeeds,https://financefeeds.com
2025-06-27T00:00:00,2025-06-26,NKE,Nike (NKE) Tops Q4 Earnings and Revenue Estimates - Yahoo Finance,Nike (NKE) Tops Q4 Earnings and Revenue Estimates  Yahoo Finance,"Thu, 26 Jun 2025 07:00:00 GMT",https://news.google.com/rss/articles/CBMie0FVX3lxTE9GVFVDLUgtVVpGR3hURm9hMUJzQS1obkJHMENsREFUZUpXQVRDQUVWQkhiWTJsb2R1UWdmNllzZ0RhcEFhUTB1ZndLMGl0aS01bU9Rb2s4RXpuVDUyalBnaFUyb1pSTjF4ZWVadnZNb3p0WFlTZFBxQXdQOA?oc=5&hl=en-US&gl=US&ceid=US:en,Yahoo Finance,https://finance.yahoo.com
2025-06-27T00:00:00,2025-06-26,NKE,"Final Trades: TWI, SMH, NKE, SCCO - CNBC","Final Trades: TWI, SMH, NKE, SCCO  CNBC","Thu, 26 Jun 2025 07:00:00 GMT",https://news.google.com/rss/articles/CBMifEFVX3lxTFA4Y2k5UGl0R2oydXlTWEFKTHFYUV9rMnhCM1NkZFcwTEZRQmZYeEt5dzFxcE13NFlITDNrMGVaX2JLbEMxdEhiNjZGZUdyNXc0U3ZuU09xX3pITDF2SmtNdFg0bjIxaFk2X1N0d3dJMWh6Q2hEeklUWVdyZ3c?oc=5&hl=en-US&gl=US&ceid=US:en,CNBC,https://www.cnbc.com
2025-06-27T00:00:00,2025-06-26,NKE,"Nike, Inc. (NKE) Opinions on Q4 2025 Earnings Preview - Nasdaq","Nike, Inc. (NKE) Opinions on Q4 2025 Earnings Preview  Nasdaq","Thu, 26 Jun 2025 07:00:00 GMT",https://news.google.com/rss/articles/CBMihAFBVV95cUxPQm5kWTBaSXR2YTFFdTBYM002VGR4Y2FxdzIzbE1OSEMzNk8tMGcxQmRxZ25PX05wTE8tWVdfRDFyNGRXV1gweXFRY2FDODY2RTVJMnlYbzJDaTM4clp1RkhpRmxwdHIzdUtXRVBiYkdJRUlnSEs4bXRZeTFIalVRdll4eHU?oc=5&hl=en-US&gl=US&ceid=US:en,Nasdaq,https://www.nasdaq.com
2025-06-27T00:00:00,2025-06-26,NKE,Nike CEO Says Q4 Results ‘Are Not Where We Want Them to Be’ Amid Turnaround Push - WWD,Nike CEO Says Q4 Results ‘Are Not Where We Want Them to Be’ Amid Turnaround Push  WWD,"Thu, 26 Jun 2025 07:00:00 GMT",https://news.google.com/rss/articles/CBMirwFBVV95cUxOZW5Nc1ZqR2s1U2dnc2ZSYWRlcFM1aUVfRlp3dzNPdjFwc19WTE1YZTR3eUppczBRMFR3RW14cy1pQ0VZbzlyYUt5LW1WWGZsaEJCaXdiTkhCYlZPdU9XYndIWkpvQ0N6d21RRGwzZWxOUGVqQk50SUxqa3lNRjRJSkFjS0RsZmZRTlk1eEFJU3dwZklyZmVBamZOdEVna280MFM1c01nbU5FZTF0aU4w?oc=5&hl=en-US&gl=US&ceid=US:en,WWD,https://wwd.com
2025-06-27T00:00:00,2025-06-26,NKE,NKE: Nike Stock Just Did It — Up 12% Even as Revenue Ran Out of Breath. Thank the Earnings Call. - TradingView,NKE: Nike Stock Just Did It — Up 12% Even as Revenue Ran Out of Breath. Thank the Earnings Call.  TradingView,"Thu, 26 Jun 2025 07:00:00 GMT",https://news.google.com/rss/articles/CBMi5wFBVV95cUxOQ1JVdEVLQmJQdHY5cnRfS3hBMmJnbDRSWWtwdDhXejVaRmhtVE0weVNiMGdBRzdYdHJXaDVGNnpkVjlKQUFOeUtqVFRJcmduNU05bDE2Z2laLWJuVm44X3dIZGs4RmRQZVpaZERHbXNScnBLTkdGMWFkS3BLQzBEOWpxRlNvWUtJZ2dKUHVFTEFXZTgtS2xIaW4yUXpVcUdXQWJzNnVtdVJsTkRTSE84R1VoRDJaY1QySjBpVlZaX1o4eU5NbE9TQk52aENlV05LZUdjMjlJMzRYX3JROXFjdXU0YWFNbTg?oc=5&hl=en-US&gl=US&ceid=US:en,TradingView,https://www.tradingview.com
2025-06-27T00:00:00,2025-06-26,NKE,"Nike tops low expectations in FQ4, signals bottoming of headwinds (NKE:NYSE) - Seeking Alpha","Nike tops low expectations in FQ4, signals bottoming of headwinds (NKE:NYSE)  Seeking Alpha","Thu, 26 Jun 2025 07:00:00 GMT",https://news.google.com/rss/articles/CBMipAFBVV95cUxQVlZUbVdGNldMdEFqby1KajM2ZVRkSjFJSUh5cXVwZVRHczE1bjRPeDVqWTBiZElzMVFpUHZGVTVxemJtMTFqVDFablZrdHZKSVMyYTZQYXZFQ0hDMGp6YTFxb1ZGOV8xeVVaVTVoMTlHam9aUVdKckJMNllid1VLRTBKMnNlcDBfRUlNZV9FZW1jQndPck5zNXl5bjU4QTRnX1oycw?oc=5&hl=en-US&gl=US&ceid=US:en,Seeking Alpha,https://seekingalpha.com
2025-06-27T00:00:00,2025-06-26,NKE,Nike (NKE) Shares Surge Despite Earnings Drop Amid Strategic Tra - GuruFocus,Nike (NKE) Shares Surge Despite Earnings Drop Amid Strategic Tra  GuruFocus,"Thu, 26 Jun 2025 07:00:00 GMT",https://news.google.com/rss/articles/CBMivAFBVV95cUxQVXdKYUYtYUdmN2h1QlB2TEpnYVBURFlzLWtwcG9JT1FnOEdtMzBFejhiamo3QTdXblRLWjRxdnBjS3ZTNFktWExkRC16WGpwMFgzVEpOS2laLXM2Y2dBcG41ckNHalBGR2xyeE9TV0tVQmpxTVdrZWl1Y1FrWkRWQ1pVYVJQSFZtSF9jSmx6ZTloZDNKcXR6dUFyc09ieXhET1IxaHZvS29QbHY1OUZxaTBUWXFCYlcyRjdxRg?oc=5&hl=en-US&gl=US&ceid=US:en,GuruFocus,https://www.gurufocus.com
2025-06-27T00:00:00,2025-06-26,NKE,NKE Earnings: Nike’s Financial Results Beat on Top and Bottom Lines - TipRanks,NKE Earnings: Nike’s Financial Results Beat on Top and Bottom Lines  TipRanks,"Thu, 26 Jun 2025 07:00:00 GMT",https://news.google.com/rss/articles/CBMimwFBVV95cUxPa09UaFNZQ3M3dGNMVjdPNUx5OWxxeGpEMXBfZVR2X2VwN25TVE93NXI5dUtzSHpveUktQnRuS25DSkE0UUl6SE1kbXR4aHBsaEEtVGtqV2JDN0ZHc2g4cGJLa2hJN1ZGRTJYb21oNEtfSzNMTE42cU81ZERuVUpKSzVwMWR3aXB1VzNBdE9rV0QzX0dCZ3NmaDEydw?oc=5&hl=en-US&gl=US&ceid=US:en,TipRanks,https://www.tipranks.com
2025-06-27T00:00:00,2025-06-26,NKE,Nike (NYSE:NKE) Reports Upbeat Q2 - FinancialContent,Nike (NYSE:NKE) Reports Upbeat Q2  FinancialContent,"Thu, 26 Jun 2025 07:00:00 GMT",https://news.google.com/rss/articles/CBMiowFBVV95cUxQa2ZuMmQ1YTFWUU5KYmEwNEQ4QkJNTl84aW5XaXJBalNyMXFuTUp0QllYMDAxZ1YzLUNxWHJvMTBLYVlfTkZ0bU43dU1icHZ4SGFwbV9nVU9MbDNNYTJUM1F1b3ZoM1dKcTltYVR3TTFPNHBpYVItb0V5SHlzLUo0ZUdweXVnSk1NbDJIWDFtcnluQWFWX0E1cVVoREJWY3FXekZ3?oc=5&hl=en-US&gl=US&ceid=US:en,FinancialContent,https://markets.financialcontent.com
2025-06-27T00:00:00,2025-06-26,NKE,"Nike says tariffs will cost it $1 billion before price increases, supply chain shifts - CNBC","Nike says tariffs will cost it $1 billion before price increases, supply chain shifts  CNBC","Thu, 26 Jun 2025 07:00:00 GMT",https://news.google.com/rss/articles/CBMib0FVX3lxTE56RlF4UHZ0Z3hPVDZqaFloTE1Nekd2c3NBRWlDX1RLMTZmZVptdjZYYWlZZ2VFVmFHR24taW5nTXNFdEo5bXVnU0xNMlE2QldmTkFTNm9INlQ4YkhmLVlLdFFGX2VmdWZlVl82LUc2VdIBdEFVX3lxTE9zNUd5RkNlbjBqVFAwQ21SQ1k5UF9mc1Q0RWxyWFdaNVhybVVPSkFueW1JdFVZeGgxQ1RDNFlDT3M0cTdUWXc0YTRNU0xRZXVGSUQtWGowdmdiT1BQOF93ckpuMW9TMVlBTGJvN1FacFgxT21L?oc=5&hl=en-US&gl=US&ceid=US:en,CNBC,https://www.cnbc.com
2025-06-27T00:00:00,2025-06-26,NKE,"After-Hours Earnings Report for June 26, 2025 : NKE, CNXC, AOUT, AEMD - Nasdaq","After-Hours Earnings Report for June 26, 2025 : NKE, CNXC, AOUT, AEMD  Nasdaq","Thu, 26 Jun 2025 07:00:00 GMT",https://news.google.com/rss/articles/CBMilgFBVV95cUxNU3RzelFoUDZOT3NGWERSVk4zTmx6bDl1el9oSGllM0Q5dHZCSjRtbkw1VWhfdjR6S2w4eDlIR19NSV96VFR2Sm5YYkdWTDRYUS1hR0xmWUlrRDdvaW81Y2hybFlBeGpmZVlVaFIwcEhEZ2NKY0kwQXJoWThienhaQ1AyQnRCbXJzU0lGcm1rRFpxQVpZOWc?oc=5&hl=en-US&gl=US&ceid=US:en,Nasdaq,https://www.nasdaq.com
2025-06-27T00:00:00,2025-06-26,NKE,"Compared to Estimates, Nike (NKE) Q4 Earnings: A Look at Key Metrics - Yahoo Finance","Compared to Estimates, Nike (NKE) Q4 Earnings: A Look at Key Metrics  Yahoo Finance","Thu, 26 Jun 2025 07:00:00 GMT",https://news.google.com/rss/articles/CBMiggFBVV95cUxNckZ3VUZIQ3c5NWQ4aFp5RjRIeWFScHVxdzZRSFBpRXNzRWl5RWJEMVdKX1lIUXVzN2lmWjhSLURjNmMybkt1d0I1UktJa3ExUjFQX3ExdWp4TzU5bEgyMUlKdlY5T0t5RmJLVURLeFFfdzM5dk1PNkw0eEtlZFZMSGdB?oc=5&hl=en-US&gl=US&ceid=US:en,Yahoo Finance,https://finance.yahoo.com
2025-06-27T00:00:00,2025-06-26,NKE,"4 stocks to watch on Thursday: HIMS, BP, PLTR, NKE (SP500:S&P Complete Indices) - Seeking Alpha","4 stocks to watch on Thursday: HIMS, BP, PLTR, NKE (SP500:S&P Complete Indices)  Seeking Alpha","Thu, 26 Jun 2025 07:00:00 GMT",https://news.google.com/rss/articles/CBMijAFBVV95cUxNQmJUa1lRQldPdEdVX2xpenJiVG9JbC1DZ2FyMzNsbERwMjlmYlRzd04ydW1wY25lemlQb3RiaURaN2NDbjF2Szg3S2pJS2tEYUZQLVVjYkZTQm91cEVkeUU1TW9MMUJSbFlkTEFjVGhiWXJIeVVPSEY3R2FJVVZxX2FEY0R3QlduaWlnYg?oc=5&hl=en-US&gl=US&ceid=US:en,Seeking Alpha,https://seekingalpha.com
2025-06-27T00:00:00,2025-06-26,NKE,Nike (NKE) Options Activity Surges Ahead of Earnings Report | NK - GuruFocus,Nike (NKE) Options Activity Surges Ahead of Earnings Report | NK  GuruFocus,"Thu, 26 Jun 2025 07:00:00 GMT",https://news.google.com/rss/articles/CBMisAFBVV95cUxQSkVUdy1qTUJvMW8tVkJ1Z0N6eVlFY2JzaklHQWgzVWFKNEsyTkVDakhCUEt1cDR6SnFyQjYyN2MtVnhrMFVtY0VrZmUxeV9mWXN1SC1RSnVra3FwQjBGUjhRcTVnLS1oeThhSGRVYjI0dVFhWVZXWTdaUlRNREJkQllBaVBhOGFpNlZoaWZTZlM5RHpTWEZKSWRCTzJDdmlqWWVfTmt6b2s2VDc3bUZtVw?oc=5&hl=en-US&gl=US&ceid=US:en,GuruFocus,https://www.gurufocus.com
2025-06-27T00:00:00,2025-06-26,NKE,"Stocks making the biggest moves after hours: Nike, Core Scientific and more - CNBC","Stocks making the biggest moves after hours: Nike, Core Scientific and more  CNBC","Thu, 26 Jun 2025 07:00:00 GMT",https://news.google.com/rss/articles/CBMimgFBVV95cUxQWllUWThhVlhYUVVMYjduRGlCVDZkeWVqV041WkFqekw3Z2JhMDY3YnFONVJWX2JMQkpCbXFrT05KWjNjVFE0d0JsQTBIdFp0cmx6eVJ5YmpKX0lCYW02ZFdPbDZHODRwZG5tWDJMd0ptcnNhV2NRcDdZUE1vcmREMTJlcld6MnYwOFB3Q2FwRDduQ2JZd0daeFpR?oc=5&hl=en-US&gl=US&ceid=US:en,CNBC,https://www.cnbc.com
2025-06-27T00:00:00,2025-06-26,NKE,"Nike Inc (NKE) Q4 Earnings: EPS of $0.14 Beats Estimate, Revenue Hits $11.1 Billion Surpassing Expectations - GuruFocus","Nike Inc (NKE) Q4 Earnings: EPS of $0.14 Beats Estimate, Revenue Hits $11.1 Billion Surpassing Expectations  GuruFocus","Thu, 26 Jun 2025 07:00:00 GMT",https://news.google.com/rss/articles/CBMi1AFBVV95cUxOT3ZkWjBMM3lDeHo2d3laRXFKZVRVUGd6TWJmTkZVLVUzSy1DMmdkZlZrLTJENlBxUGt1b2IwRjZUaWdLam9mQVVlSXNJUDdBSXA0cVVDYTE0MW5kSExLY0JVUjhRckd2WEE2NWlDV0lHUGZXSm9VWGh5bHU3VEhFZEowY1ZMeXNmalRoSU9rU19tYm9xQXBEbXlBUGlrU2t0dUpndDd3dDFPS2l6Z1BibjRWUmtuQ1dUQVN3M1hiTURBbDFSWDlKTDBKRHJORTNDWlJ2Zw?oc=5&hl=en-US&gl=US&ceid=US:en,GuruFocus,https://www.gurufocus.com
2025-06-27T00:00:00,2025-06-26,NKE,Nike (NKE) Reports Better-Than-Expected Q4 Earnings Despite Chal - GuruFocus,Nike (NKE) Reports Better-Than-Expected Q4 Earnings Despite Chal  GuruFocus,"Thu, 26 Jun 2025 07:00:00 GMT",https://news.google.com/rss/articles/CBMiqAFBVV95cUxNX3d1VWp5M2dkQWFKV2g5VHI0YThrd25Nck5WZDJHVndMS0Z5SmFTUGNIU2hYcE0zZW9CczFhOHlqQmZLdW84RGlfWDVKMkU2NW9UNHZnbTE2MFdCZ2ZfU2ZNT2pDN3VLYnUyRWV4bGlRVHdwV29uNFZrMVJnQTNzdFFoeWg5dVZHRzkwdDdiV0lYVVh6MVY4YjQ0OGNCejJHc1lhcHBFMEE?oc=5&hl=en-US&gl=US&ceid=US:en,GuruFocus,https://www.gurufocus.com
2025-06-27T00:00:00,2025-06-26,NKE,Nike (NKE) Shares Dip 1% After Q4 Financial Results | NKE Stock News - GuruFocus,Nike (NKE) Shares Dip 1% After Q4 Financial Results | NKE Stock News  GuruFocus,"Thu, 26 Jun 2025 07:00:00 GMT",https://news.google.com/rss/articles/CBMipAFBVV95cUxPWU5hTzZTeE5pOXozeUNOSzNLaXVPWUs0TE9wTWUtZU1aeXY1LW5vOHdPcnNUd3FMMXdBR1R5OWRodnpmbG5rd2ltSGtyOE1reTY5ejBla3Y2YlppRDBrU3RMWDNydEd3Mlc1RndHWUswVzNINkFEaDBnVEh6ekNFdzNkRVdaZTMtSWFDTzBISl9qczl2S0tDV0lwRXpEM19neEYwOA?oc=5&hl=en-US&gl=US&ceid=US:en,GuruFocus,https://www.gurufocus.com
2025-06-27T00:00:00,2025-06-26,NKE,Nike (NKE) Outlines Recovery Path Despite Current Challenges | N - GuruFocus,Nike (NKE) Outlines Recovery Path Despite Current Challenges | N  GuruFocus,"Thu, 26 Jun 2025 07:00:00 GMT",https://news.google.com/rss/articles/CBMisgFBVV95cUxNQ0syZmUzLW1tX05nUFVyNS1XdTlFUmZ3eTcxbi04MWZwWVEwN1NLejNUeENxbmEwT2tQODh4b2pvX0VTdFBuOFMweExGTEJqUXB4ODRBQThVeTBTTGw1Rlc1QzlIcGJiTXZDSFY4Q3RBMlR6dUEzWUdlT20wRzVKTWFBSjRyZVZtckNBLWlFWTVLLWRiNDBPOEZDWjI1OUhvZjIzVGtvXzJXeGxFWGFEZlh3?oc=5&hl=en-US&gl=US&ceid=US:en,GuruFocus,https://www.gurufocus.com
2025-06-27T00:00:00,2025-06-26,NKE,Were Nike's Q4 Results Good Enough to Rebound Its Stock? - Yahoo Finance,Were Nike's Q4 Results Good Enough to Rebound Its Stock?  Yahoo Finance,"Thu, 26 Jun 2025 07:00:00 GMT",https://news.google.com/rss/articles/CBMifEFVX3lxTE5ILV91ZmpQdFdRT1ZrOThmc0xaaEM4cFZtNUdEM0NITDJGVXVOUm9XZkh3UEJnQlBfcWVSaFZkMEl3SHRFTG9JSElndTBIMjJCMnRod0E3bDJ0M1huRjhjY3poS2dBaVFnUEYyN2ZJa0JNTG4zOEVfYU54SWk?oc=5&hl=en-US&gl=US&ceid=US:en,Yahoo Finance,https://finance.yahoo.com
2025-06-27T00:00:00,2025-06-26,NKE,Wall Street Lunch: Nike's Air Max Phenomena Creates Buzz (NYSE:NKE) - Seeking Alpha,Wall Street Lunch: Nike's Air Max Phenomena Creates Buzz (NYSE:NKE)  Seeking Alpha,"Thu, 26 Jun 2025 07:00:00 GMT",https://news.google.com/rss/articles/CBMimwFBVV95cUxOT3BrdWdTdGFtel9zWHNaNzZxRlk1OV9JVUN4UXp4Znh1ekRoTTZmMklwQjNiMk95ZFhfYTBtQllPdkluWlpPRWRqOC1wdmlpaUVwQ3FtOFJKREhXem5FWU5xdllscEJGbXk1TXRzcTZRc2dYWkhnTHVOQWFENHJtTm1DMS1QODhvMWhIU1hqX2l1eF9hLU0xcktZbw?oc=5&hl=en-US&gl=US&ceid=US:en,Seeking Alpha,https://seekingalpha.com
2025-01-30T00:00:00,2025-01-29,NOW,DeepSeek R1 is now available on Azure AI Foundry and GitHub - Microsoft Azure,DeepSeek R1 is now available on Azure AI Foundry and GitHub  Microsoft Azure,"Wed, 29 Jan 2025 08:00:00 GMT",https://news.google.com/rss/articles/CBMioAFBVV95cUxNd2YyWFdsV203bVBxQUs1cnB3VGdtazFHUG5IRk5oUFJSeUtFR2d0c1V2OWZFNVc4LXNsRHBqMFhhRFhFQTNSSk5hUm1qUVdlRDhkVDhwWGp5OE4zQ3lUU2Q3UW9NZmtvdTllQVlJWV9KZU1zdExJQ3c2bXl6bloySk9FLUFwM0c1WktlVDg1aDg3bGxDcG5qcEFHamtkVUhF?oc=5&hl=en-US&gl=US&ceid=US:en,Microsoft Azure,https://azure.microsoft.com
2025-01-30T00:00:00,2025-01-29,NOW,Meridian is now available to everyone - The Keyword,Meridian is now available to everyone  The Keyword,"Wed, 29 Jan 2025 08:00:00 GMT",https://news.google.com/rss/articles/CBMikgFBVV95cUxNOHZ2NlFsYWgyMkNURi1PeU5CMzJJOGEzaWR0ZWphZ0dna3I1eldNQjJZMmZkY3Awa2o4dU5Vczh0WGlXUnExNHQ4Z0dZakJIejZBNGNMT19wZUpVRlh3SXBtbVBUT3F0eDJTbGlyOU5Gb3BrOGpNOGN4QnliSl8yeHRqczdGVVFhTVd1d21mUzdHQQ?oc=5&hl=en-US&gl=US&ceid=US:en,The Keyword,https://blog.google
2025-04-24T00:00:00,2025-04-23,NOW,California is now the 4th largest economy in the world - California State Portal (.gov),California is now the 4th largest economy in the world  California State Portal (.gov),"Wed, 23 Apr 2025 07:00:00 GMT",https://news.google.com/rss/articles/CBMikwFBVV95cUxQcEdZeDZqelQwOC1COEpCT2lrSnNvdUxZa0dsSmFpc3FvU1ZWdEFkMHpqbEREZXRlZkNmNHM2R0NDb3VUaldBUmUwQi1xOTVNLTl3bVpzU0s0S1p2bndNVWV1cWs2VE5XVkYxbm82aEs2aklLV1h1YTFPNUx6N2JOMy00UjFkd3VNeEpsMXdUaS1MSXM?oc=5&hl=en-US&gl=US&ceid=US:en,California State Portal (.gov),https://www.gov.ca.gov
2025-06-12T00:00:00,2025-06-11,ORCL,Oracle (ORCL) Q4 Earnings and Revenues Beat Estimates - Nasdaq,Oracle (ORCL) Q4 Earnings and Revenues Beat Estimates  Nasdaq,"Wed, 11 Jun 2025 07:00:00 GMT",https://news.google.com/rss/articles/CBMiiwFBVV95cUxNVDRENlJYYnRZSTB5OVVDQWRNMXUtQ2p3Q3JJbC1XQ3QyV0JSV1NfLUFIQkppaDFYZTdxMF96VTZQSERYZEgwSDRqUXVvZzhqLTc4bXVIQ2dFSlgyQjFRNmFqZmxnQ3NTbGljVl9IbktfNWtLcFJNbGNJSWZQckE4R0wxWFFIemd3Rno0?oc=5&hl=en-US&gl=US&ceid=US:en,Nasdaq,https://www.nasdaq.com
2025-06-12T00:00:00,2025-06-11,ORCL,"4 stocks to watch on Wednesday: ORCL, CHWY, SFIX and LMT (LMT:NYSE) - Seeking Alpha","4 stocks to watch on Wednesday: ORCL, CHWY, SFIX and LMT (LMT:NYSE)  Seeking Alpha","Wed, 11 Jun 2025 07:00:00 GMT",https://news.google.com/rss/articles/CBMilgFBVV95cUxOUnp6TDhuM29XUnlRWks1QUZtWEl3RUxvRUQ0SHA0dmZnS2ZrSVE0aW0xQlVKSndZWVJYME9wd19OWVItdnFRZ0xfeF9oTk1FMWdXVFFjUU12LUdMeXJMdFlZR0VvNThOSUFrTmt4N0RKUWVFeC1fR05fa1RZa19SRGh3RUdwUS1CTXRxWTF0WnZRTC1rS2c?oc=5&hl=en-US&gl=US&ceid=US:en,Seeking Alpha,https://seekingalpha.com
2025-06-12T00:00:00,2025-06-11,ORCL,Oracle (ORCL) Forecasts Strong Growth in Q1 Revenue and Cloud Se - GuruFocus,Oracle (ORCL) Forecasts Strong Growth in Q1 Revenue and Cloud Se  GuruFocus,"Wed, 11 Jun 2025 07:00:00 GMT",https://news.google.com/rss/articles/CBMivgFBVV95cUxNc0tVQ1hxVHJTLVFVNmFlZ1ZxTWtydmZscmZWY25xRTVSbXZrVklCMXFWd1o2NF85TUJQMTlqS2VSSGpsYl9GdUVwNXAtdVp6aEhxUzgxZnAwS0t5RHJLYUpqUlBPSGtlN3RpREdmU0FacndVT2Y3YktOeFBSc1BIVjhLMTlWQi1BMEVuX3EyZWlVd0p2dDh6ZW9LNHAwUUlRcFRoX3E5UGpIMS1Ea3NBRFRKY050ZUthWXBueTRn?oc=5&hl=en-US&gl=US&ceid=US:en,GuruFocus,https://www.gurufocus.com
2025-06-12T00:00:00,2025-06-11,ORCL,Oracle (ORCL) Set to Release Quarterly Earnings Report | ORCL St - GuruFocus,Oracle (ORCL) Set to Release Quarterly Earnings Report | ORCL St  GuruFocus,"Wed, 11 Jun 2025 07:00:00 GMT",https://news.google.com/rss/articles/CBMiuwFBVV95cUxQQkxCa1BGdldCUWRia213MUVOOS1penYtbmxHbnRfbHJxcWdyN3NzMnJHWkc5aDNfczc4T1J2NVY3ek55V2d2WjJoSmVUSlpoc3lkTVNJMGlLVlhfV0F3OEdTay10eGlHYWdBaFMwTjJIMzM3SVZIZ1dVemx6U2RkeDhsXzllVzV3MUQyMVFKb2o4YjgyQTZRV3ZEVnlBSGU5d1NfMDAwUGhfbVZqZGhRYXg4Z2xBSkt5Vk4w?oc=5&hl=en-US&gl=US&ceid=US:en,GuruFocus,https://www.gurufocus.com
2024-10-11T00:00:00,2024-10-10,UBER,Empowering Riders with Disabilities - Uber,Empowering Riders with Disabilities  Uber,"Thu, 10 Oct 2024 07:00:00 GMT",https://news.google.com/rss/articles/CBMiV0FVX3lxTE1OdUwzd1llTDlmTTI4cllxMDFVeE5mbGxwZ1hGUlJuOU9Tb3h6VTQxRUUtMFRUUlBONkhSdDlqSnNSRUQxcndjZ0lnNXZTQUhEYUx0eE1naw?oc=5&hl=en-US&gl=US&ceid=US:en,Uber,https://www.uber.com
2024-10-11T00:00:00,2024-10-10,UBER,Genie: Uber’s Gen AI On-Call Copilot - Uber,Genie: Uber’s Gen AI On-Call Copilot  Uber,"Thu, 10 Oct 2024 07:00:00 GMT",https://news.google.com/rss/articles/CBMibkFVX3lxTE9qaU1rbW1TUWt4bTRnTVdOTl9PRVFpelg5UmpSR1hnUmcwMW9YbVhiTHV2azRYUkYwcHQzRkVKYVRZekJVRVV0STM4VGpfdlk1N1Z0dHdMajNSSkYzTDBEUGRlM2NobmJlYjE2UkVR?oc=5&hl=en-US&gl=US&ceid=US:en,Uber,https://www.uber.com
2025-04-09T00:00:00,2025-04-08,UBER,The 2025 Uber Lost & Found Index - Uber,The 2025 Uber Lost & Found Index  Uber,"Tue, 08 Apr 2025 07:00:00 GMT",https://news.google.com/rss/articles/CBMidkFVX3lxTE5fWXg0RWZzNkFaMTJyM29uRUM3Ulk5TzE0WHRGZHJ0d0M1Q1pkazQ0cW9oTVV5WGpVd2ZXX3RBa0RKN25fQXJGdzBTNlg2WTgxbUhWeFBJT2tLdTJpM2dLMXJqeGctMmJpOG9ueWthUHJfem5GTkE?oc=5&hl=en-US&gl=US&ceid=US:en,Uber,https://www.uber.com
2025-05-15T00:00:00,2025-05-14,UNH,UNH Donates Locally Grown Fish to Gather Food Pantry to Help Feed Seacoast | UNH Today - University of New Hampshire,UNH Donates Locally Grown Fish to Gather Food Pantry to Help Feed Seacoast | UNH Today  University of New Hampshire,"Wed, 14 May 2025 07:00:00 GMT",https://news.google.com/rss/articles/CBMivgFBVV95cUxPQU5HS2N6R3ZnN25hWTgyQ3E0OXZiQzJaNG85ajZqTjVqNktIM3pUSGM3d01XRVhPUmFzek9pWXY4V0RMSVhTZlZkSkZBbkxHQWFfdlNLbkNJYnFEeGcxemVJcVhrUmRhR3c1NDNBOXZ4ODkxNmcwM0dqVk9OMklaUkpvVF9Tc3N3b1pUMWFndExaZjFVVGpYblFnOUltU19ZWXFNbDdQRzhwMG56NkFCLXpVak50M1dlLWR0aU9R?oc=5&hl=en-US&gl=US&ceid=US:en,University of New Hampshire,https://www.unh.edu
2025-05-15T00:00:00,2025-05-14,UNH,Why UnitedHealth Group Incorporated (UNH) Declined on Tuesday - Yahoo Finance,Why UnitedHealth Group Incorporated (UNH) Declined on Tuesday  Yahoo Finance,"Wed, 14 May 2025 07:00:00 GMT",https://news.google.com/rss/articles/CBMijgFBVV95cUxPR2l6NUZyU05xUzl6dWhRbzcxcDVXeWxTajZrUkg5cHg5T0RxOEVNQzd3SVVRRVVWbmlPdV9PRlRoSmVqZVRSMTdRSTBsa2ZwRzZjeks3ZXl4bkVoZHk5bnI2NDJpYnBRdmxYLUpMTU4zNzNpdXkxRVZtTkdwYVhzWlZQVk4zczlDTGsxRDlR?oc=5&hl=en-US&gl=US&ceid=US:en,Yahoo Finance,https://finance.yahoo.com
2025-05-15T00:00:00,2025-05-14,UNH,Paul College’s Rines Fund Celebrates a Decade of Deal-Making | UNH Today - University of New Hampshire,Paul College’s Rines Fund Celebrates a Decade of Deal-Making | UNH Today  University of New Hampshire,"Wed, 14 May 2025 07:00:00 GMT",https://news.google.com/rss/articles/CBMilgFBVV95cUxOZ0lZRXo3NmNneGNuM08wdkRNYUlBckwyYkM1ZnVxV0JVeW5Bbk51UGNrWFkzVllvcmdoNUp0NnphQ0RhME5CWDZLRHYwVXVMcDFRcXNCa0swRHdXLTZMTk1VV0ZMSmpPMjF2RkZnQzdwbXloVWtyU2xkRGctcmVWWERZb2h2ZGFOcXVaSzZaRmFBWFJqRFE?oc=5&hl=en-US&gl=US&ceid=US:en,University of New Hampshire,https://www.unh.edu
2025-05-15T00:00:00,2025-05-14,UNH,Holloway Competition Delivers Lessons That Outlast the Finals - University of New Hampshire,Holloway Competition Delivers Lessons That Outlast the Finals  University of New Hampshire,"Wed, 14 May 2025 07:00:00 GMT",https://news.google.com/rss/articles/CBMikwFBVV95cUxNcW1QOG9LYlJ5VXV1Q2x0LU1vYm4ycjE5cXFDUVZEb2gwd2x6RWNKZ1FQU3JDbVNIS09rLWoyS3NlOVlyMzh6aGNBOUFIRWp0bXp1eEZYajk5QUN3Tnhia0kzZkUtYWg1eExEb09PcUN6TEVKam13am5ySVF6RWFSNnNVVFpiMmZoUHFROEpIY1M3N3M?oc=5&hl=en-US&gl=US&ceid=US:en,University of New Hampshire,https://www.unh.edu
2025-05-15T00:00:00,2025-05-14,UNH,"Lazy Lawn Mowers Rejoice, Mowing Less May Be a Good Thing - University of New Hampshire","Lazy Lawn Mowers Rejoice, Mowing Less May Be a Good Thing  University of New Hampshire","Wed, 14 May 2025 07:00:00 GMT",https://news.google.com/rss/articles/CBMiqwFBVV95cUxNeXRqTEZpOGRDNnVhdWxrVTdwNWt3MmNvN3luTU9jWHRMWUVyM0ZhdnhueklxNWxERGVBdjlQU2xQY2IwY3ppQnI2a181NExVSTM1LUY4WHAyQUx6cjQ3cEVUUFR3N1RXYnpVcFR4eWFNeUhKMWhVZkhSdGFBNkVnRTZJZVlJaVd0LUtLZi1TQk5zODNLMlREWEtxNDZFcng0LU1DUG9KNmxnNUU?oc=5&hl=en-US&gl=US&ceid=US:en,University of New Hampshire,https://www.unh.edu
2025-08-15T00:00:00,2025-08-14,UNH,Souza to Represent UNH at Spengler Cup as Assistant Coach of U.S. Collegiate Selects - University of New Hampshire Athletics,Souza to Represent UNH at Spengler Cup as Assistant Coach of U.S. Collegiate Selects  University of New Hampshire Athletics,"Thu, 14 Aug 2025 07:00:00 GMT",https://news.google.com/rss/articles/CBMi0wFBVV95cUxPcUl0d2lneklQMzNVRDBDYmhDa2RXUzZSc1FzajN1TzVEYVljd0k0ZF9WYjdIVEFrNU5iUUlRTlRGRzRWY0QtZzhwZWpmTmt6cjZHWmlJS1lVMG9FRHhLWkxZVFkxOW8tRDBXZGQzWUk4bVhkUjZnRm9TdjJOc1I0Z3ppOTVKWlQ1UW8ySHlBd1h6amJ3bENMWnd1UXp0VkpMUDdyZHpvUzloTHJ4czYwQ2lPWFlNZzk2bFZGWDVDeEQzTXJUWWY4Y0tBTzBDYVVvNzZj?oc=5&hl=en-US&gl=US&ceid=US:en,University of New Hampshire Athletics,https://unhwildcats.com
2025-01-30T00:00:00,2025-01-29,UPS,UPS SurePost changes put shippers at a crossroads - Supply Chain Dive,UPS SurePost changes put shippers at a crossroads  Supply Chain Dive,"Wed, 29 Jan 2025 08:00:00 GMT",https://news.google.com/rss/articles/CBMikwFBVV95cUxOY1J0YTV0WGZxWFllUHNBd3pCcjBoclFXMml1T0kyM2tTeFp6RW8wRnVzZzF5QWtYYm5KaWtheFpoS3pSdF9ELWtsNnVEUVVFS3RYUHRHM2c3NXk2U0hnTTJKbGNJLTFCNjNGRkNRUjFkVVh0VXhaX2FUMWFuMjBDczlrTGwtclVhMG9HWWRaelVQY3M?oc=5&hl=en-US&gl=US&ceid=US:en,Supply Chain Dive,https://www.supplychaindive.com
